Name,Year,Total Population,Growth Rate,Population Density (per sq km),Total Fertility Rate,Life Expectancy at Birth,Under-5 Mortality Rate,Sex Ratio of the Population,Youth and Old Age (0-14 and 65+),Youth (0-14),Old Age (65+),Both Sexes,Male,Female
Argentina,2020.0,44915858,0.4,16.4,1.68,76.3,13.2,0.98,54.6,35.6,18.9,32.8,33.9,31.6
Australia,2020.0,25467706,1.37,3.3,1.74,82.7,3.7,0.99,52.9,28.6,24.3,37.5,38.5,36.5
Austria,2020.0,8995617,0.38,109.1,1.43,81.4,4.1,0.95,50.8,21.3,29.5,44.0,45.1,43.0
Bangladesh,2020.0,162532538,0.97,1248.6,2.11,74.2,39.4,0.97,49.8,39.5,10.3,27.9,28.7,27.1
Belgium,2020.0,11602527,0.3,383.2,1.55,80.9,3.7,0.97,56.6,26.2,30.4,41.9,43.0,40.9
Brazil,2020.0,214752313,0.53,25.7,1.6,74.4,19.0,0.97,43.2,29.6,13.6,33.5,34.4,32.5
Canada,2020.0,37747300,0.76,4.2,1.44,82.9,5.2,0.98,53.4,24.3,29.1,41.8,42.9,40.7
Chile,2020.0,18578364,0.52,25.0,1.4,79.0,6.3,0.96,44.8,27.6,17.3,35.9,37.0,34.9
China,2020.0,1411361655,0.12,151.3,1.25,77.7,7.9,1.05,43.6,25.7,18.0,38.4,39.5,37.4
Colombia,2020.0,48419737,0.75,46.6,1.95,76.8,13.7,0.96,49.4,34.6,14.9,31.4,32.6,30.2
Czech Republic,2020.0,10778812,0.14,139.5,1.69,78.8,3.0,0.97,55.9,24.6,31.3,43.2,44.5,41.9
Denmark,2020.0,5837230,0.3,137.6,1.68,81.5,3.5,0.99,56.9,25.5,31.4,42.2,43.3,41.2
Egypt,2020.0,103994537,1.89,104.5,3.11,73.9,21.9,1.06,67.1,59.2,7.9,23.5,23.6,23.4
Finland,2020.0,5522887,0.16,18.2,1.38,81.8,2.3,0.98,61.7,25.3,36.4,43.3,44.9,41.7
France,2020.0,67791837,0.23,105.9,1.91,82.2,4.3,0.96,63.1,29.3,33.8,41.9,43.7,40.3
Germany,2020.0,84498245,-0.1,242.3,1.57,81.1,4.0,0.98,55.9,21.1,34.8,46.6,48.0,45.2
Greece,2020.0,10604841,-0.33,81.2,1.38,81.1,4.3,0.95,58.6,23.0,35.5,45.3,46.8,43.7
Hungary,2020.0,10026575,-0.45,111.9,1.56,75.4,5.7,0.95,54.8,22.9,31.8,43.6,45.3,41.9
India,2020.0,1369541070,1.01,460.6,2.13,70.5,34.4,1.06,48.5,38.2,10.3,28.6,29.3,28.0
Indonesia,2020.0,272856400,0.84,150.6,2.07,72.6,24.6,1.0,48.1,37.8,10.3,30.3,31.0,29.6
Iraq,2020.0,38828885,2.13,88.8,3.39,72.6,24.6,1.01,67.6,62.0,5.6,21.2,21.6,20.9
Ireland,2020.0,5030214,0.86,73.0,1.65,82.8,3.1,0.99,52.9,30.6,22.3,38.6,38.8,38.3
Israel,2020.0,8829355,1.51,410.7,2.9,82.4,3.8,1.01,65.8,46.3,19.5,29.9,30.5,29.3
Italy,2020.0,61337765,-0.26,208.5,1.19,81.6,4.1,0.93,54.5,19.7,34.9,47.0,48.0,46.0
Japan,2020.0,125135727,-0.35,343.3,1.37,84.5,2.6,0.95,70.3,21.7,48.6,48.2,49.6,46.9
Kazakhstan,2020.0,19513854,0.99,7.2,2.61,72.3,10.4,0.94,57.3,43.9,13.4,31.1,32.7,29.4
South Korea,2020.0,51880480,0.17,535.3,0.84,84.4,2.8,1.0,39.2,16.8,22.4,43.9,45.5,42.4
Malaysia,2020.0,33164013,1.08,100.9,1.78,75.6,8.3,1.05,43.6,33.2,10.4,30.2,30.3,30.1
Mexico,2020.0,128092570,0.35,65.9,1.56,71.0,13.4,0.96,49.3,37.9,11.4,29.9,30.9,28.7
Netherlands,2020.0,17400890,0.39,513.4,1.54,81.2,4.4,0.99,54.2,23.9,30.3,42.5,43.7,41.3
New Zealand,2020.0,4925334,1.39,18.6,1.87,82.1,4.3,1.0,54.2,30.3,24.0,37.2,37.9,36.4
Nigeria,2020.0,213986428,2.53,235.0,4.72,60.4,91.6,1.02,81.8,75.8,6.0,18.6,18.9,18.4
Pakistan,2020.0,233431156,2.04,302.8,3.6,69.1,72.3,1.04,67.8,60.3,7.5,22.1,22.2,22.0
Peru,2020.0,31867270,1.01,24.9,2.26,69.8,13.7,0.97,53.7,40.8,12.8,29.7,30.4,29.0
Philippines,2020.0,110461801,2.54,370.5,3.46,70.8,28.3,1.01,57.6,49.5,8.1,24.8,25.3,24.2
Poland,2020.0,38375246,-0.31,126.1,1.39,76.3,5.8,0.94,50.4,22.5,27.9,41.8,43.5,40.2
Portugal,2020.0,10288283,-0.25,112.5,1.41,81.1,3.2,0.9,52.4,20.5,31.9,44.7,46.5,42.8
Qatar,2020.0,2447179,1.44,211.2,1.9,79.3,9.8,3.39,16.4,15.0,1.4,33.8,28.2,35.0
Romania,2020.0,18986068,-1.16,82.6,1.69,74.8,7.1,0.94,58.4,25.1,33.3,43.9,45.3,42.5
Russia,2020.0,143487955,-0.44,8.8,1.51,71.3,8.6,0.87,49.4,25.8,23.6,40.5,43.3,37.8
Saudi Arabia,2020.0,34223743,1.62,15.9,1.99,76.2,14.8,1.3,39.9,34.9,5.1,30.8,27.9,33.0
Singapore,2020.0,5810285,0.97,8195.0,1.14,86.0,2.0,1.0,37.6,21.4,16.3,37.5,38.4,36.5
South Africa,2020.0,58012938,1.07,47.8,2.42,68.2,29.8,0.96,52.6,42.0,10.6,29.4,29.5,29.2
Sweden,2020.0,10382678,0.47,25.3,1.66,82.5,2.8,1.01,60.9,28.2,32.7,40.8,41.8,39.7
Switzerland,2020.0,8585698,0.74,214.7,1.52,83.1,4.2,0.99,51.7,22.7,29.0,43.5,44.3,42.7
Thailand,2020.0,69291926,0.29,135.6,1.54,77.2,9.0,0.95,41.2,23.4,17.8,39.7,40.7,38.6
Turkey,2020.0,82009212,0.45,106.6,1.96,75.7,23.4,1.01,46.4,34.1,12.3,32.3,32.9,31.8
UAE,2020.0,9792173,0.69,117.1,1.66,79.2,5.8,2.31,21.3,19.5,1.8,35.2,30.0,37.0
United Kingdom,2020.0,67022855,0.61,277.0,1.62,81.7,4.4,0.99,55.7,27.0,28.7,40.3,41.1,39.5
United States,2020.0,331526933,0.3779584390145434,36.2,1.63,79.10000000000002,6.599999999999994,0.98,53.7,28.4,25.2,38.5,39.6,37.5
Vietnam,2020.0,101745119,1.04,328.1,2.08,75.0,19.9,1.0,44.8,34.8,10.0,31.4,32.5,30.4
Argentina,2021.0,45044145,0.17,16.5,1.55,74.5,15.3,0.98,53.8,34.7,19.1,33.1,34.3,31.9
Australia,2021.0,25809973,1.31,3.4,1.74,82.9,3.7,0.99,53.4,28.6,24.8,37.6,38.7,36.6
Austria,2021.0,9035953,0.52,109.6,1.43,81.5,4.0,0.95,51.4,21.4,30.0,44.1,45.1,43.0
Bangladesh,2021.0,164098818,0.95,1260.7,2.1,74.4,38.4,0.97,49.5,38.9,10.6,28.3,29.1,27.5
Belgium,2021.0,11657421,0.64,385.0,1.61,81.8,3.7,0.97,56.8,26.1,30.7,42.0,43.1,41.0
Brazil,2021.0,215903281,0.54,25.8,1.6,75.2,17.9,0.97,43.1,29.0,14.1,33.9,34.9,32.9
Canada,2021.0,38055469,0.86,4.2,1.46,83.9,4.8,0.98,54.3,24.3,30.0,42.0,43.1,40.8
Chile,2021.0,18677357,0.55,25.1,1.27,78.5,6.4,0.97,44.9,27.0,17.9,36.5,37.6,35.5
China,2021.0,1412197329,-0.0,151.4,1.11,77.7,7.9,1.05,44.0,25.2,18.8,38.9,39.9,37.8
Colombia,2021.0,48757939,0.64,46.9,1.95,74.9,13.8,0.96,49.6,34.2,15.3,31.7,32.9,30.5
Czech Republic,2021.0,10797500,0.2,139.8,1.75,77.5,3.4,0.97,56.6,24.8,31.7,43.4,44.8,42.1
Denmark,2021.0,5862234,0.56,138.1,1.73,81.4,3.7,0.99,57.2,25.3,31.8,42.3,43.4,41.3
Egypt,2021.0,105919663,1.78,106.4,2.99,74.2,21.4,1.06,67.0,58.8,8.2,23.7,23.7,23.6
Finland,2021.0,5534699,0.27,18.2,1.47,81.8,2.2,0.98,62.2,25.0,37.2,43.4,45.0,41.9
France,2021.0,67945112,0.22,106.1,1.91,82.3,4.2,0.96,63.6,29.2,34.4,42.1,43.8,40.5
Germany,2021.0,84409193,-0.11,242.1,1.57,81.3,3.9,0.98,56.8,21.4,35.4,46.6,48.1,45.2
Greece,2021.0,10569703,-0.34,80.9,1.39,81.3,4.2,0.95,59.0,22.9,36.1,45.6,47.1,43.9
Hungary,2021.0,9971543,-0.66,111.3,1.59,74.0,6.2,0.95,55.5,22.9,32.6,44.0,45.7,42.1
India,2021.0,1380721926,0.62,464.4,2.13,66.8,34.1,1.06,47.7,37.5,10.3,28.9,29.6,28.3
Indonesia,2021.0,275122131,0.81,151.9,2.04,72.8,24.1,1.0,47.6,37.1,10.6,30.6,31.3,29.9
Iraq,2021.0,39650145,2.06,90.7,3.32,72.9,24.1,1.01,66.3,60.6,5.7,21.5,21.9,21.1
Ireland,2021.0,5070166,0.72,73.6,1.72,82.6,3.4,0.99,53.1,30.2,22.9,39.0,39.3,38.7
Israel,2021.0,8968042,1.6,417.2,3.0,81.9,4.0,1.01,65.9,46.2,19.8,29.9,30.5,29.3
Italy,2021.0,61196793,-0.2,208.1,1.2,82.1,3.9,0.93,54.6,19.3,35.2,47.4,48.4,46.3
Japan,2021.0,124687293,-0.37,342.1,1.38,84.7,2.6,0.95,70.7,21.5,49.2,48.7,50.0,47.3
Kazakhstan,2021.0,19707245,0.99,7.3,2.6,72.5,10.2,0.94,58.2,44.4,13.8,31.3,33.0,29.6
South Korea,2021.0,51866537,-0.22,535.1,0.81,84.5,2.8,1.0,40.3,16.5,23.8,44.6,46.2,43.0
Malaysia,2021.0,33519406,1.06,102.0,1.76,75.9,8.2,1.05,43.7,32.9,10.8,30.6,30.7,30.5
Mexico,2021.0,128569498,0.4,66.1,1.62,71.1,13.4,0.96,48.3,36.8,11.5,30.2,31.4,28.9
Netherlands,2021.0,17493062,0.66,516.1,1.6,81.3,4.4,0.99,54.5,23.7,30.8,42.4,43.6,41.2
New Zealand,2021.0,4991442,1.28,18.9,1.87,82.3,4.2,1.0,54.6,30.2,24.4,37.3,38.1,36.6
Nigeria,2021.0,219463862,2.53,241.0,4.67,60.9,88.7,1.02,80.7,74.7,6.0,18.8,19.1,18.6
Pakistan,2021.0,238181034,1.99,309.0,3.53,69.4,70.6,1.04,67.0,59.4,7.6,22.3,22.4,22.2
Peru,2021.0,32110270,0.51,25.1,2.23,68.9,13.9,0.97,53.0,40.4,12.6,29.8,30.6,29.0
Philippines,2021.0,112771402,1.61,378.2,2.79,69.8,28.7,1.01,57.2,49.0,8.2,25.0,25.5,24.4
Poland,2021.0,38184917,-0.68,125.5,1.3,73.7,6.8,0.94,51.5,22.6,28.8,42.1,43.8,40.5
Portugal,2021.0,10263850,-0.23,112.2,1.42,81.3,3.1,0.9,52.7,20.3,32.5,45.1,47.0,43.2
Qatar,2021.0,2479995,1.23,214.1,1.9,79.6,9.5,3.38,16.6,15.1,1.5,33.9,28.1,35.2
Romania,2021.0,18748356,-1.36,81.6,1.63,73.4,7.9,0.94,59.4,25.2,34.2,44.3,45.7,42.9
Russia,2021.0,142847266,-0.46,8.7,1.51,71.6,8.5,0.87,50.3,25.9,24.5,40.9,43.6,38.2
Saudi Arabia,2021.0,34783757,1.62,16.2,1.95,76.4,14.4,1.3,39.4,34.1,5.3,31.2,28.3,33.4
Singapore,2021.0,5866139,0.95,8273.8,1.15,86.2,2.0,1.0,38.4,21.2,17.2,38.0,39.0,36.9
South Africa,2021.0,58576104,0.87,48.2,2.38,66.0,29.7,0.96,52.9,42.2,10.8,29.6,29.8,29.4
Sweden,2021.0,10432235,0.49,25.4,1.67,82.6,2.8,1.01,61.1,28.1,33.0,40.9,41.9,39.8
Switzerland,2021.0,8653376,0.83,216.4,1.58,83.6,3.6,0.99,52.4,22.8,29.6,43.6,44.5,42.9
Thailand,2021.0,69480520,0.26,136.0,1.54,77.4,8.9,0.95,42.0,23.3,18.7,40.2,41.2,39.0
Turkey,2021.0,82482383,0.7,107.2,1.94,76.0,22.8,1.01,46.1,33.4,12.7,32.8,33.3,32.2
UAE,2021.0,9856612,0.62,117.9,1.65,79.4,5.7,2.25,21.7,19.7,2.0,35.4,30.0,37.3
United Kingdom,2021.0,67419123,0.57,278.7,1.63,81.8,4.4,0.99,55.8,26.8,29.0,40.4,41.2,39.6
United States,2021.0,332048977,0.27,36.3,1.63,79.30000000000001,6.5000000000000036,0.98,54.1,28.1,25.9,38.8,39.8,37.7
Vietnam,2021.0,102789598,1.0,331.5,2.06,75.3,19.5,1.01,45.0,34.6,10.4,31.8,32.9,30.8
Argentina,2022.0,45121928,0.17,16.5,1.43,76.2,10.3,0.98,53.0,33.8,19.1,33.4,34.6,32.3
Australia,2022.0,26141369,1.25,3.4,1.73,83.1,3.6,0.99,53.8,28.5,25.2,37.8,38.8,36.7
Austria,2022.0,9079630,0.45,110.1,1.41,81.6,4.0,0.95,52.0,21.5,30.5,44.1,45.2,43.1
Bangladesh,2022.0,165650475,0.93,1272.6,2.09,74.7,37.4,0.96,49.2,38.3,10.9,28.7,29.5,27.9
Belgium,2022.0,11751600,0.97,388.1,1.53,81.9,2.5,0.97,57.0,25.9,31.1,42.1,43.1,41.0
Brazil,2022.0,217240060,0.7,26.0,1.8,75.9,16.8,0.97,43.1,28.6,14.6,34.3,35.3,33.3
Canada,2022.0,38355533,0.71,4.2,1.4,82.9,5.3,0.99,55.2,24.2,31.0,42.1,43.4,40.9
Chile,2022.0,18784952,0.6,25.3,1.37,78.7,6.3,0.97,44.8,26.4,18.5,37.1,38.2,36.0
China,2022.0,1411319078,-0.12,151.3,1.09,77.1,8.0,1.04,44.2,24.7,19.5,39.4,40.5,38.2
Colombia,2022.0,49059221,0.59,47.2,1.95,74.9,13.8,0.96,49.8,33.9,15.8,32.0,33.3,30.9
Czech Republic,2022.0,10816746,0.15,140.0,1.74,77.9,3.3,0.97,56.9,24.9,32.0,43.7,45.1,42.3
Denmark,2022.0,5907258,0.97,139.2,1.56,81.3,3.6,0.99,57.3,25.1,32.1,42.3,43.4,41.2
Egypt,2022.0,107770524,1.68,108.3,2.88,74.5,20.8,1.06,66.6,58.0,8.6,23.9,23.9,23.8
Finland,2022.0,5543960,0.07,18.2,1.33,81.2,2.6,0.98,62.5,24.7,37.7,43.6,45.2,42.0
France,2022.0,68092884,0.21,106.3,1.9,82.4,4.2,0.96,64.0,29.0,35.0,42.2,43.9,40.7
Germany,2022.0,84316622,-0.11,241.8,1.57,81.5,3.9,0.98,57.8,21.6,36.2,46.7,48.2,45.3
Greece,2022.0,10533871,-0.34,80.6,1.4,81.5,4.1,0.95,59.3,22.7,36.6,45.9,47.5,44.1
Hungary,2022.0,9920415,-0.37,110.7,1.59,74.7,6.0,0.95,55.9,22.9,33.0,44.2,46.0,42.4
India,2022.0,1389637446,0.67,467.4,2.1,67.2,34.1,1.06,46.9,36.8,10.0,29.2,29.9,28.6
Indonesia,2022.0,277329163,0.79,153.1,2.01,73.1,23.5,1.0,47.2,36.3,10.9,30.9,31.7,30.2
Iraq,2022.0,40462701,2.0,92.5,3.25,73.2,23.5,1.01,64.9,59.1,5.8,21.8,22.1,21.4
Ireland,2022.0,5120464,1.25,74.3,1.72,82.4,3.4,0.99,53.0,29.7,23.4,39.4,39.7,39.1
Israel,2022.0,9111963,1.58,423.9,2.97,82.1,3.9,1.01,66.0,46.1,20.0,30.0,30.6,29.4
Italy,2022.0,61095551,-0.13,207.7,1.22,82.6,3.7,0.93,54.7,19.0,35.6,47.7,48.7,46.7
Japan,2022.0,124214766,-0.39,340.8,1.38,84.8,2.5,0.95,70.9,21.3,49.6,49.1,50.4,47.6
Kazakhstan,2022.0,19898174,0.94,7.4,2.59,72.8,10.0,0.94,58.8,44.5,14.3,31.5,33.2,29.7
South Korea,2022.0,51717024,-0.35,533.6,0.78,83.3,3.0,0.99,41.4,16.2,25.2,45.2,46.8,43.7
Malaysia,2022.0,33871431,1.03,103.1,1.75,76.1,8.1,1.05,43.9,32.6,11.3,31.0,31.1,30.9
Mexico,2022.0,129150971,0.51,66.4,1.68,72.3,13.6,0.96,47.4,35.8,11.6,30.4,31.8,28.9
Netherlands,2022.0,17601564,0.57,519.3,1.61,81.5,4.3,0.99,54.9,23.7,31.2,42.3,43.5,41.0
New Zealand,2022.0,5053004,1.17,19.1,1.86,82.5,4.1,1.0,55.0,30.0,25.0,37.5,38.2,36.7
Nigeria,2022.0,225082083,2.53,247.1,4.62,61.3,86.0,1.02,79.7,73.7,6.0,19.0,19.2,18.7
Pakistan,2022.0,242923845,1.95,315.1,3.46,69.7,68.9,1.04,66.3,58.5,7.7,22.5,22.6,22.4
Peru,2022.0,32275736,0.51,25.2,2.2,68.9,13.9,0.96,52.3,40.0,12.3,29.9,30.8,29.0
Philippines,2022.0,114597229,1.6,384.3,2.78,70.1,28.6,1.0,56.6,48.3,8.4,25.2,25.8,24.7
Poland,2022.0,38699570,3.33,127.2,1.31,74.7,6.4,0.92,51.0,22.2,28.9,42.2,43.7,40.8
Portugal,2022.0,10242081,-0.2,112.0,1.43,81.5,3.1,0.9,53.0,20.0,33.1,45.6,47.4,43.6
Qatar,2022.0,2508182,1.04,216.5,1.9,79.8,9.3,3.36,16.8,15.2,1.6,34.1,28.1,35.4
Romania,2022.0,18519899,-1.09,80.6,1.63,75.8,6.9,0.94,60.3,25.2,35.0,44.7,46.1,43.2
Russia,2022.0,142183583,-0.47,8.7,1.51,71.8,8.4,0.87,51.1,25.8,25.3,41.2,43.9,38.6
Saudi Arabia,2022.0,35354380,1.63,16.4,1.92,76.7,14.0,1.3,38.8,33.3,5.5,31.6,28.6,33.8
Singapore,2022.0,5921231,0.92,8351.5,1.16,86.4,1.9,1.0,39.1,20.9,18.2,38.4,39.5,37.3
South Africa,2022.0,59150970,1.09,48.7,2.34,70.1,29.7,0.96,53.1,42.2,10.9,29.8,30.1,29.6
Sweden,2022.0,10483647,0.5,25.5,1.67,82.7,2.7,1.01,61.2,28.0,33.2,40.9,42.0,39.9
Switzerland,2022.0,8724310,0.8,218.1,1.58,83.7,3.6,0.99,53.2,23.0,30.2,43.8,44.6,43.1
Thailand,2022.0,69648117,0.23,136.3,1.54,77.7,8.7,0.95,42.9,23.1,19.8,40.6,41.7,39.4
Turkey,2022.0,83047706,0.67,107.9,1.93,76.2,22.2,1.01,46.0,32.8,13.1,33.2,33.7,32.6
UAE,2022.0,9915803,0.58,118.6,1.64,79.6,5.6,2.21,22.0,19.8,2.2,35.6,29.9,37.6
United Kingdom,2022.0,67791400,0.53,280.2,1.63,81.9,4.4,0.99,56.0,26.6,29.3,40.5,41.3,39.8
United States,2022.0,333271411,0.44,36.4,1.63,79.5,6.400000000000001,0.98,54.5,27.8,26.6,38.9,40.0,37.8
Vietnam,2022.0,103808319,0.97,334.8,2.05,75.5,19.0,1.01,45.2,34.4,10.9,32.2,33.3,31.2
Argentina,2023.0,45207044,0.21,16.5,1.43,76.8,9.8,0.99,52.0,32.7,19.3,33.8,35.0,32.7
Australia,2023.0,26461166,1.19,3.4,1.73,83.3,3.6,0.99,54.1,28.4,25.7,37.9,39.0,36.8
Austria,2023.0,9116209,0.36,110.6,1.33,81.8,4.0,0.95,52.7,21.7,31.1,44.2,45.2,43.2
Bangladesh,2023.0,167184465,0.91,1284.4,2.08,75.0,36.4,0.96,49.1,37.8,11.2,29.2,30.0,28.3
Belgium,2023.0,11841113,0.55,391.1,1.48,82.3,3.7,0.98,57.1,25.6,31.5,42.1,43.2,41.1
Brazil,2023.0,218689757,0.64,26.2,1.75,76.1,16.5,0.97,43.4,28.4,15.1,34.7,35.7,33.6
Canada,2023.0,38628008,0.71,4.2,1.44,83.0,5.2,0.99,56.0,24.1,31.9,42.3,43.6,41.1
Chile,2023.0,18895448,0.57,25.4,1.25,80.3,5.4,0.97,44.8,25.6,19.2,37.7,38.7,36.6
China,2023.0,1409294306,-0.17,151.1,1.06,77.3,7.9,1.04,44.3,24.0,20.4,39.9,41.1,38.7
Colombia,2023.0,49336454,0.54,47.5,1.94,74.9,13.8,0.96,50.0,33.7,16.3,32.4,33.6,31.2
Czech Republic,2023.0,10830412,0.1,140.2,1.74,78.3,3.2,0.97,56.9,24.8,32.2,43.9,45.4,42.5
Denmark,2023.0,5961534,0.86,140.5,1.54,81.3,3.6,0.99,57.2,24.9,32.3,42.3,43.4,41.1
Egypt,2023.0,109546720,1.59,110.0,2.76,74.7,20.3,1.06,65.9,57.0,8.9,24.1,24.1,24.1
Finland,2023.0,5546864,0.04,18.3,1.28,81.5,2.6,0.98,62.5,24.3,38.2,43.7,45.3,42.2
France,2023.0,68235759,0.21,106.5,1.9,82.5,4.2,0.96,64.4,28.8,35.6,42.4,44.0,40.9
Germany,2023.0,84220184,-0.12,241.5,1.58,81.7,3.8,0.98,58.8,21.8,37.0,46.7,48.2,45.4
Greece,2023.0,10497595,-0.35,80.4,1.4,81.7,4.1,0.96,59.6,22.4,37.2,46.2,47.9,44.3
Hungary,2023.0,9885834,-0.33,110.3,1.59,75.3,5.8,0.95,56.2,22.9,33.3,44.5,46.4,42.6
India,2023.0,1399179585,0.7,470.6,2.07,67.7,34.2,1.06,46.2,36.2,9.9,29.5,30.2,28.8
Indonesia,2023.0,279476346,0.76,154.3,1.99,73.3,23.0,1.0,46.8,35.6,11.3,31.2,32.0,30.5
Iraq,2023.0,41266109,1.94,94.4,3.17,73.5,23.0,1.01,63.5,57.6,5.9,22.1,22.4,21.7
Ireland,2023.0,5180761,1.09,75.2,1.72,82.2,3.5,0.98,52.8,29.1,23.7,39.8,40.2,39.4
Israel,2023.0,9256230,1.56,430.6,2.94,82.2,3.9,1.01,66.0,45.8,20.2,30.1,30.7,29.5
Italy,2023.0,61021855,-0.11,207.5,1.24,82.8,3.7,0.93,54.8,18.7,36.1,48.1,49.1,47.0
Japan,2023.0,123719238,-0.41,339.4,1.39,85.0,2.5,0.95,71.0,21.0,50.0,49.5,50.9,48.0
Kazakhstan,2023.0,20082154,0.9,7.4,2.59,73.0,9.9,0.94,59.1,44.4,14.8,31.7,33.5,29.9
South Korea,2023.0,51589095,-0.14,532.3,0.72,84.3,2.8,0.99,42.4,15.7,26.7,45.8,47.4,44.3
Malaysia,2023.0,34219975,1.01,104.1,1.74,76.4,7.9,1.05,44.1,32.4,11.7,31.4,31.5,31.3
Mexico,2023.0,129875529,0.61,66.8,1.73,73.5,13.8,0.96,46.6,34.8,11.8,30.6,32.3,28.9
Netherlands,2023.0,17694798,0.48,522.1,1.61,81.7,4.3,0.99,55.4,23.7,31.7,42.2,43.4,41.0
New Zealand,2023.0,5109702,1.06,19.3,1.86,82.7,4.1,1.0,55.4,29.8,25.6,37.7,38.4,36.9
Nigeria,2023.0,230842743,2.53,253.5,4.57,61.8,83.4,1.02,78.7,72.7,6.0,19.2,19.4,18.9
Pakistan,2023.0,247653551,1.91,321.3,3.39,70.0,67.2,1.04,65.5,57.6,7.9,22.7,22.8,22.6
Peru,2023.0,32440172,0.5,25.3,2.18,68.9,13.9,0.96,51.7,39.5,12.2,30.1,31.1,29.1
Philippines,2023.0,116434200,1.58,390.5,2.77,70.5,28.4,1.0,56.1,47.6,8.5,25.4,26.0,24.9
Poland,2023.0,39142267,-1.03,128.6,1.31,75.8,6.0,0.9,50.7,21.6,29.1,42.4,43.7,41.1
Portugal,2023.0,10223150,-0.17,111.8,1.44,81.7,3.0,0.9,53.4,19.7,33.7,46.0,47.9,44.0
Qatar,2023.0,2532104,0.86,218.5,1.9,80.0,9.0,3.34,17.0,15.3,1.7,34.2,28.1,35.5
Romania,2023.0,18326327,-1.01,79.7,1.63,76.3,6.7,0.93,61.0,25.2,35.8,45.1,46.5,43.6
Russia,2023.0,141505279,-0.48,8.6,1.51,72.0,8.3,0.87,51.7,25.5,26.2,41.5,44.2,39.0
Saudi Arabia,2023.0,35939806,1.65,16.7,1.89,76.9,13.7,1.31,38.2,32.4,5.8,32.0,29.0,34.2
Singapore,2023.0,5975383,0.9,8427.9,1.17,86.5,1.9,1.0,39.9,20.7,19.2,38.9,40.1,37.7
South Africa,2023.0,59795503,1.08,49.2,2.31,71.0,27.7,0.96,53.2,42.0,11.2,30.1,30.3,29.9
Sweden,2023.0,10536338,0.51,25.7,1.67,82.8,2.7,1.01,61.2,27.8,33.3,41.0,42.0,40.0
Switzerland,2023.0,8793404,0.78,219.9,1.59,83.8,3.6,0.99,54.0,23.2,30.8,44.0,44.8,43.3
Thailand,2023.0,69794997,0.2,136.6,1.54,77.9,8.5,0.95,43.8,23.0,20.8,41.0,42.2,39.8
Turkey,2023.0,83593483,0.64,108.6,1.91,76.5,21.6,1.01,45.8,32.3,13.6,33.6,34.1,33.0
UAE,2023.0,9973449,0.58,119.3,1.62,79.8,5.5,2.16,22.3,19.8,2.4,35.7,29.9,37.9
United Kingdom,2023.0,68138484,0.49,281.6,1.63,82.1,4.3,0.99,56.2,26.4,29.8,40.6,41.4,39.9
United States,2023.0,334914895,0.53,36.6,1.63,79.69999999999999,6.299999999999979,0.98,54.9,27.5,27.4,39.1,40.2,38.0
Vietnam,2023.0,104799174,0.93,338.0,2.04,75.8,18.6,1.01,45.6,34.1,11.5,32.7,33.8,31.6
Argentina,2024.0,45306215,0.23,16.6,1.43,77.4,9.4,0.99,50.9,31.5,19.4,34.2,35.4,33.1
Australia,2024.0,26768598,1.13,3.5,1.73,83.5,3.5,0.99,54.5,28.3,26.2,38.1,39.2,36.9
Austria,2024.0,9147000,0.32,110.9,1.34,82.0,3.9,0.95,53.4,21.7,31.7,44.3,45.3,43.4
Bangladesh,2024.0,168697184,0.89,1296.0,2.07,75.2,35.5,0.96,49.0,37.4,11.6,29.6,30.4,28.7
Belgium,2024.0,11903530,0.5,393.1,1.47,82.4,3.7,0.98,57.3,25.3,32.1,42.3,43.3,41.2
Brazil,2024.0,220051512,0.61,26.3,1.74,76.3,16.3,0.97,43.8,28.2,15.6,35.1,36.1,34.0
Canada,2024.0,38904514,0.72,4.3,1.44,83.9,4.8,0.99,56.8,23.9,32.9,42.5,43.9,41.2
Chile,2024.0,18998355,0.52,25.5,1.25,80.4,5.4,0.97,44.9,24.8,20.0,38.3,39.3,37.2
China,2024.0,1407929929,-0.03,151.0,1.23,78.5,7.3,1.04,43.9,23.2,20.7,40.4,41.6,39.1
Colombia,2024.0,49588357,0.48,47.7,1.94,74.9,13.8,0.95,50.3,33.5,16.9,32.7,34.0,31.5
Czech Republic,2024.0,10837890,0.04,140.3,1.73,78.6,3.2,0.97,56.7,24.6,32.2,44.2,45.7,42.7
Denmark,2024.0,6009711,0.75,141.6,1.52,81.2,3.6,0.99,57.2,24.7,32.5,42.2,43.4,41.1
Egypt,2024.0,111247248,1.49,111.8,2.65,75.0,19.8,1.06,65.0,55.7,9.2,24.4,24.4,24.3
Finland,2024.0,5548944,0.04,18.3,1.28,81.8,2.5,0.98,62.4,23.8,38.5,43.9,45.5,42.3
France,2024.0,68374591,0.2,106.8,1.9,82.6,4.1,0.96,64.8,28.6,36.2,42.6,44.2,41.0
Germany,2024.0,84119100,-0.12,241.3,1.58,81.9,3.8,0.98,60.0,22.1,37.9,46.8,48.3,45.5
Greece,2024.0,10461091,-0.35,80.1,1.41,81.9,4.0,0.96,59.8,22.0,37.8,46.5,48.3,44.6
Hungary,2024.0,9855745,-0.28,110.0,1.6,76.0,5.5,0.95,56.4,22.8,33.6,44.8,46.7,42.8
India,2024.0,1409128296,0.72,473.9,2.03,68.2,34.2,1.06,45.5,35.6,9.9,29.8,30.5,29.1
Indonesia,2024.0,281562465,0.73,155.4,1.96,73.6,22.5,1.0,46.5,34.8,11.6,31.5,32.3,30.8
Iraq,2024.0,42083436,1.99,96.2,3.1,73.7,22.4,1.02,62.0,56.1,5.9,22.4,22.7,22.0
Ireland,2024.0,5233461,0.93,76.0,1.72,82.0,3.5,0.98,52.6,28.5,24.1,40.2,40.6,39.7
Israel,2024.0,9402617,1.58,437.4,2.92,83.1,3.6,1.01,65.9,45.6,20.4,30.1,30.7,29.6
Italy,2024.0,60964931,-0.08,207.3,1.26,83.0,3.6,0.93,55.0,18.4,36.6,48.4,49.4,47.4
Japan,2024.0,123201945,-0.43,338.0,1.4,85.2,2.5,0.95,71.2,20.8,50.4,49.9,51.3,48.3
Kazakhstan,2024.0,20260006,0.86,7.5,2.58,73.3,9.7,0.94,59.3,44.0,15.3,31.9,33.8,30.0
South Korea,2024.0,51530947,-0.08,531.7,0.68,84.7,2.7,0.99,43.6,15.2,28.4,46.4,48.1,44.9
Malaysia,2024.0,34564810,0.99,105.2,1.73,76.6,7.8,1.05,44.2,32.0,12.1,31.8,31.9,31.7
Mexico,2024.0,130739927,0.72,67.3,1.79,74.6,14.0,0.96,45.9,33.9,11.9,30.8,32.7,28.8
Netherlands,2024.0,17772378,0.39,524.4,1.61,81.9,4.2,0.99,56.0,23.7,32.4,42.2,43.5,40.9
New Zealand,2024.0,5161211,0.95,19.5,1.85,82.9,4.0,1.0,55.8,29.5,26.3,37.9,38.6,37.2
Nigeria,2024.0,236747130,2.52,259.9,4.52,62.2,80.8,1.02,77.9,71.9,6.0,19.3,19.6,19.1
Pakistan,2024.0,252363571,1.86,327.4,3.32,70.3,65.6,1.04,64.8,56.7,8.1,22.9,23.0,22.8
Peru,2024.0,32600249,0.48,25.5,2.15,68.9,13.9,0.96,51.0,39.0,12.0,30.2,31.3,29.1
Philippines,2024.0,118277063,1.56,396.7,2.75,70.8,28.3,1.0,55.6,47.0,8.7,25.7,26.3,25.1
Poland,2024.0,38746310,-1.0,127.3,1.32,76.7,5.7,0.91,51.6,21.6,30.1,42.9,44.3,41.5
Portugal,2024.0,10207177,-0.14,111.6,1.45,81.9,3.0,0.9,53.8,19.5,34.3,46.4,48.3,44.3
Qatar,2024.0,2552088,0.71,220.3,1.9,80.3,8.8,3.32,17.1,15.4,1.7,34.3,28.1,35.7
Romania,2024.0,18148155,-0.94,78.9,1.63,76.9,6.4,0.93,61.3,24.9,36.4,45.5,46.9,44.0
Russia,2024.0,140820810,-0.49,8.6,1.52,72.3,8.2,0.87,52.2,25.2,27.0,41.9,44.5,39.4
Saudi Arabia,2024.0,36544431,1.68,17.0,1.87,77.2,13.4,1.31,37.5,31.5,6.1,32.4,29.3,34.6
Singapore,2024.0,6028459,0.87,8502.8,1.17,86.7,1.9,1.0,40.7,20.6,20.2,39.4,40.6,38.0
South Africa,2024.0,60442647,1.07,49.8,2.27,71.9,26.3,0.96,53.1,41.6,11.5,30.4,30.6,30.1
Sweden,2024.0,10589835,0.51,25.8,1.67,82.9,2.7,1.01,61.1,27.6,33.5,41.1,42.1,40.1
Switzerland,2024.0,8860574,0.75,221.5,1.59,83.9,3.6,0.99,54.8,23.3,31.5,44.2,44.9,43.5
Thailand,2024.0,69920998,0.17,136.9,1.54,78.2,8.4,0.95,44.8,22.9,21.9,41.5,42.7,40.2
Turkey,2024.0,84119531,0.61,109.3,1.9,76.7,21.1,1.01,45.8,31.7,14.1,34.0,34.6,33.4
UAE,2024.0,10032213,0.6,120.0,1.61,79.9,5.4,2.13,22.9,20.1,2.7,35.8,29.8,38.1
United Kingdom,2024.0,68459055,0.45,283.0,1.63,82.2,4.3,0.99,56.4,26.2,30.2,40.8,41.5,40.1
United States,2024.0,336482168,0.47,36.8,1.63,79.9,6.2,0.98,55.4,27.0,28.4,39.3,40.5,38.2
Vietnam,2024.0,105758975,0.89,341.1,2.03,76.1,18.1,1.01,45.9,33.8,12.1,33.1,34.2,32.0
Argentina,2025.0,45418098,0.26,16.6,1.43,78.0,9.0,0.99,49.9,30.3,19.6,34.6,35.8,33.5
Australia,2025.0,27062848,1.06,3.5,1.73,83.7,3.5,0.99,54.9,28.1,26.7,38.2,39.4,37.0
Austria,2025.0,9174390,0.28,111.3,1.35,82.2,3.9,0.95,54.3,21.8,32.5,44.5,45.4,43.5
Bangladesh,2025.0,170183916,0.87,1307.4,2.06,75.5,34.6,0.96,48.9,37.0,11.9,30.0,30.9,29.1
Belgium,2025.0,11960170,0.45,395.0,1.46,82.5,3.7,0.98,57.6,24.9,32.6,42.4,43.5,41.4
Brazil,2025.0,221359387,0.58,26.5,1.73,76.5,16.0,0.97,44.3,28.1,16.2,35.4,36.5,34.3
Canada,2025.0,39187155,0.73,4.3,1.43,84.8,4.4,0.99,57.7,23.8,33.9,42.8,44.1,41.4
Chile,2025.0,19091343,0.46,25.7,1.25,80.5,5.3,0.97,45.0,24.1,20.9,38.9,39.9,37.8
China,2025.0,1407181209,-0.08,150.9,1.2,78.8,7.1,1.04,43.4,22.4,21.0,40.8,42.2,39.6
Colombia,2025.0,49842298,0.54,48.0,1.94,76.8,13.7,0.95,50.7,33.2,17.5,33.1,34.4,31.8
Czech Republic,2025.0,10838703,-0.02,140.3,1.73,79.0,3.1,0.97,56.5,24.3,32.2,44.4,46.0,42.9
Denmark,2025.0,6051491,0.64,142.6,1.5,81.2,3.6,0.98,57.2,24.5,32.7,42.2,43.3,41.0
Egypt,2025.0,112870457,1.4,113.4,2.53,75.2,19.3,1.06,63.7,54.2,9.5,24.6,24.7,24.6
Finland,2025.0,5550449,0.02,18.3,1.28,82.0,2.5,0.98,62.3,23.3,39.0,44.0,45.7,42.6
France,2025.0,68512806,0.2,107.0,1.9,82.8,4.1,0.96,65.2,28.4,36.8,42.7,44.3,41.1
Germany,2025.0,84012284,-0.13,240.9,1.59,82.1,3.7,0.98,61.3,22.4,38.9,46.9,48.3,45.6
Greece,2025.0,10424536,-0.35,79.8,1.42,82.1,3.9,0.96,60.1,21.7,38.4,46.8,48.7,44.8
Hungary,2025.0,9827455,-0.29,109.7,1.6,76.3,5.5,0.95,56.7,22.8,33.9,45.1,47.0,43.0
India,2025.0,1419316933,0.72,477.4,2.0,68.7,34.3,1.06,45.0,35.0,10.0,30.1,30.8,29.5
Indonesia,2025.0,283587097,0.7,156.5,1.93,73.8,22.1,1.0,46.1,34.1,12.0,31.8,32.6,31.1
Iraq,2025.0,42917742,1.94,98.1,3.03,74.0,21.9,1.02,60.5,54.6,5.9,22.7,23.1,22.4
Ireland,2025.0,5279007,0.8,76.6,1.72,82.2,3.4,0.98,52.5,27.9,24.6,40.5,41.0,40.0
Israel,2025.0,9552637,1.59,444.4,2.89,83.9,3.4,1.01,65.7,45.2,20.6,30.2,30.8,29.7
Italy,2025.0,60924851,-0.05,207.1,1.27,83.2,3.6,0.93,55.3,18.1,37.2,48.8,49.8,47.7
Japan,2025.0,122664433,-0.45,336.5,1.41,85.4,2.4,0.95,71.3,20.5,50.8,50.2,51.7,48.6
Kazakhstan,2025.0,20432662,0.83,7.6,2.57,73.5,9.5,0.94,59.4,43.6,15.8,32.1,34.0,30.1
South Korea,2025.0,51486343,-0.09,531.2,0.68,85.1,2.6,0.99,44.9,14.7,30.2,47.0,48.7,45.5
Malaysia,2025.0,34905275,0.97,106.2,1.73,76.9,7.7,1.05,44.3,31.7,12.6,32.2,32.3,32.1
Mexico,2025.0,131741347,0.81,67.8,1.85,75.6,14.3,0.96,45.2,33.1,12.2,31.0,33.1,28.9
Netherlands,2025.0,17833885,0.3,526.2,1.62,82.1,4.1,0.99,56.8,23.7,33.0,42.2,43.5,40.9
New Zealand,2025.0,5207259,0.83,19.7,1.84,83.1,3.9,1.0,56.3,29.3,26.9,38.1,38.9,37.4
Nigeria,2025.0,242794751,2.52,266.6,4.46,62.7,78.4,1.02,77.1,71.1,6.1,19.5,19.8,19.2
Pakistan,2025.0,257047044,1.82,333.4,3.25,70.5,64.1,1.04,64.0,55.8,8.2,23.2,23.3,23.1
Peru,2025.0,32768614,0.55,25.6,2.12,69.8,13.7,0.96,50.4,38.4,12.0,30.4,31.6,29.3
Philippines,2025.0,120117029,1.53,402.8,2.74,70.9,28.3,1.0,55.3,46.4,8.8,25.9,26.5,25.3
Poland,2025.0,38364679,-0.98,126.1,1.33,77.7,5.4,0.91,52.5,21.4,31.1,43.4,44.9,42.0
Portugal,2025.0,10194277,-0.11,111.4,1.46,82.1,3.0,0.9,54.3,19.3,35.0,46.8,48.8,44.7
Qatar,2025.0,2568426,0.57,221.7,1.9,80.5,8.6,3.3,17.3,15.4,1.8,34.4,28.1,35.8
Romania,2025.0,17985252,-0.86,78.2,1.63,77.4,6.2,0.93,61.5,24.7,36.8,45.8,47.3,44.3
Russia,2025.0,140134279,-0.49,8.6,1.52,72.5,8.1,0.87,52.6,24.7,27.9,42.3,44.8,39.8
Saudi Arabia,2025.0,37172774,1.73,17.3,1.84,77.4,13.0,1.31,36.9,30.5,6.3,32.8,29.7,35.0
Singapore,2025.0,6080545,0.85,8576.2,1.18,86.8,1.9,1.0,41.6,20.5,21.2,39.8,41.1,38.4
South Africa,2025.0,61089926,1.06,50.3,2.23,72.7,25.5,0.96,53.0,41.1,11.8,30.7,30.9,30.3
Sweden,2025.0,10643745,0.51,25.9,1.66,83.0,2.7,1.02,60.9,27.3,33.6,41.2,42.2,40.2
Switzerland,2025.0,8925741,0.72,223.2,1.59,83.9,3.5,0.99,55.8,23.5,32.3,44.4,45.1,43.7
Thailand,2025.0,70025248,0.13,137.1,1.55,78.4,8.2,0.95,45.9,22.9,23.1,41.9,43.2,40.6
Turkey,2025.0,84625585,0.59,110.0,1.88,77.0,20.5,1.01,45.7,31.2,14.6,34.4,35.0,33.8
UAE,2025.0,10093593,0.63,120.7,1.6,80.1,5.3,2.09,23.4,20.4,3.0,35.8,29.7,38.2
United Kingdom,2025.0,68751311,0.4,284.2,1.64,82.3,4.3,0.99,56.7,26.0,30.7,40.9,41.7,40.3
United States,2025.0,338016259,0.45,36.9,1.63,80.1,6.1,0.98,56.0,26.8,29.2,39.5,40.7,38.4
Vietnam,2025.0,106688169,0.86,344.1,2.01,76.3,17.7,1.01,46.4,33.6,12.8,33.5,34.7,32.4
