country_name,year,Inflation (CPI %),GDP (Million USD),GDP per Capita (Current USD),Unemployment Rate (%),"Interest Rate (Real, %)","Inflation (GDP Deflator, %)",GDP Growth (% Annual),Current Account Balance (% GDP),Government Expense (% of GDP),Government Revenue (% of GDP),Tax Revenue (% of GDP),Gross National Income (Million USD),Public Debt (% of GDP)
UAE,2020,-2.07940317940944,349473.015336939,37173.8754100281,4.294,5.17182691073827,-12.0313052945464,-4.95705243652739,7.050788236366638,5.25917164743154,6.3654969980708,0.682088274465819,347594.186201473,78.8885668877517
UAE,2021,0.179935336174431,415178.792769884,43360.0211014806,3.105,1.6089801010047253,13.8437703394455,4.35475529921305,0.5419040474439677,4.33677211641606,4.38523522633654,0.535243668683573,414443.598760354,83.66600956949273
UAE,2022,5.29122604376849,502731.935197487,49899.0652978649,2.872,-0.04160630456144458,12.6298936875673,7.50969703221836,-1.4107768205844717,3.87547095261528,3.26816549077142,0.578507736753989,502786.394013008,84.66545117930477
UAE,2023,1.62670837213248,514130.432653081,49040.6947525825,2.151,1.8742741978459052,-1.30420016236501,3.61870653547174,4.276644365039428,3.83096429012033,3.73928724969069,0.626855998829095,517969.779147295,77.07500541707608
UAE,2024,-1.242769019999018,426411.0308402952,43057.32339183732,2.133,3.6818941650742802,-5.127051485139639,3.896338237699408,1.0539767972929697,4.029495875696022,5.398356640525124,0.5860929455075804,473443.7817047737,82.31952997210166
UAE,2025,-1.008221948252702,520847.41683959076,43254.49982249667,2.362296686809689,5.364622761312241,5.787321420417315,3.5137222592967827,7.239687314535023,3.833949655289986,2.888252937378065,0.7761770491497326,452198.2718649725,77.59687365561173
Argentina,2020,2.087070898504938,385740.508436965,8535.59938004389,11.461,-7.63517421630372,40.0830878011993,-9.9004848136464,0.696935361136032,25.8405307644744,17.4787021945702,10.8658963820494,375344.05734193,85.22105273379907
Argentina,2021,5.601152517330291,486564.08548003604,10738.0179223384,8.736,-11.8618379621172,53.8020877665554,10.4418119882506,1.36154422203441,22.8967901577179,18.0764987503097,11.5000669715845,476802.271007631,82.71350395793027
Argentina,2022,8.573452483692488,632790.0700631241,13935.6811110049,6.805,-10.2880388707095,69.8760842459268,5.26987967384072,-0.640820188045601,21.9065121206432,17.9272315382489,11.1228688536464,621165.221747635,84.66545117930475
Argentina,2023,5.173029638358905,646075.277525125,14187.4827252965,6.139,-16.7714229097284,135.368876310592,-1.61100162090189,-3.24351254822955,25.67024760862691,17.391129947517975,10.096009364982983,632729.881149353,64.4854419431675
Argentina,2024,4.057299347895772,706126.3292644406,11822.489935483558,7.876,-6.636119276348498,60.397057001241365,-3.3267074567850687,-0.48342141716285036,23.618110646272367,18.036864727912434,10.315320321306908,501810.44227613247,73.95610827999292
Argentina,2025,3.5737987694635267,592988.8226583874,10317.40679108488,9.196857869608047,-7.679159247333448,98.64624206062349,-2.9828697442249332,-1.1098839655891055,22.09076888375177,16.4171827755888,10.490655031630025,629097.0529956127,61.84225559351207
Australia,2020,0.846905537459305,1328414.0583783798,51791.540179984,6.456,3.42796676785276,1.88550119010648,-0.119590735829973,1.87433748291951,30.2551947530937,25.2824521626533,22.5909248948989,1298368.82965052,69.3215748590956
Australia,2021,2.86391042204994,1556735.77043726,60607.7788605166,5.116,1.310719232565328,3.0799498600023,2.11116814768786,2.61066078948374,32.6329859403151,25.6932278976825,23.0612679317794,1539273.61555495,70.0109117652417
Australia,2022,6.59409671341846,1690858.24699443,64997.0136536475,3.728,3.3845386027417788,7.17553361510235,4.24238555336139,0.337521409077968,27.6611156622091,26.2050551660302,23.6279512463691,1626539.96936568,58.0466964106785
Australia,2023,5.5970149253731,1728057.31669561,64820.9117890026,3.668,0.09041096104848578,6.51199894950456,3.44199220009025,-0.300085449771847,30.08399729540844,27.012791111350747,23.84324905889382,1653703.10543957,79.68531522386762
Australia,2024,3.1616142830575,1717971.1712600496,53530.5745338972,4.072,1.939428004264503,8.480631216715857,2.619814050374756,0.7961855576853999,28.99566674653059,27.021808435938443,23.565303335871615,1772213.2278800672,76.85769377470432
Australia,2025,3.631606372385582,1554770.2053323344,56160.34705573033,4.540226633722393,-0.542503820551844,3.778507755421531,-0.03327835847969096,0.7615291292416424,31.52196991901716,27.072707667224083,24.098544705577734,1596322.2930684362,86.58447128157314
Austria,2020,1.38191063351862,434397.601557696,48716.4098900349,5.201,1.7982485587436734,2.59313274910787,-6.31825528670208,3.3513779974929,51.1591725615403,43.7622339600816,24.666005775658,439547.216701013,101.667208235561
Austria,2021,2.7666666666667,480467.03733878303,53648.7190742245,6.459,-1.0563520611591442,1.92612910926519,4.79532910551458,1.71589946789047,50.0215856914731,44.9092836748603,26.014817481271,486755.82842014695,96.0278211815402
Austria,2022,8.5468699318845,471773.62983038096,52176.6649141178,4.992,-0.04160630456144458,4.75477834804261,5.27789421203715,-0.829086609771728,47.509529668642,44.4008134730886,26.206863593528,470636.395218873,76.2214007403381
Austria,2023,7.81413417002832,511685.203845001,56033.573792065,5.264,1.8742741978459052,6.64765341628686,-0.954962366849259,1.32556377170149,46.4788740013619,44.619722844981,25.8904950501971,510079.146471293,78.3363673054487
Austria,2024,2.93791574279383,467866.28415988904,55754.38617089046,5.439,3.547240302172818,4.7410668905925615,3.959988369415791,0.7771911048935845,50.22789633737825,43.61608714505084,26.00626667595988,472743.49491478794,94.59712471215909
Austria,2025,-0.3779196037567978,491255.4007091775,55583.558357482594,5.614101742530499,3.9474597124534014,3.9596632379148518,2.264564273982068,2.0204097667744705,48.793073892604056,44.42970968853718,25.99682604540784,477091.7541562608,85.05565838184297
Belgium,2020,0.740791812220344,529694.473501791,45906.2875805246,5.545,4.608770863592225,1.59611666393067,-4.79298389726264,0.874586400402743,43.656605302545,37.027335149107,21.8615640422477,531671.614966383,118.442409069939
Belgium,2021,2.44024851144084,598494.036474409,51655.7883303715,6.248,-1.2074744670809383,2.7426355945688,6.20255401586081,1.86556031631373,41.4137731234457,37.8545687233313,23.2260892385962,607143.534636037,108.445297214838
Belgium,2022,9.597511728725,593438.820508173,50807.2047084918,5.57,-2.283060457757732,6.84397975156924,4.2334318336917,-1.18476181705959,39.5799899067259,37.1371088235231,22.7079147026069,592448.849483465,92.4825366392405
Belgium,2023,4.04901077613941,644782.756682756,54700.9093236712,5.528,-1.605902631624335,4.508102848783,1.25170063203595,-0.698394105629197,39.59576701033438,37.09897444521132,20.221761902364463,648332.6119273299,114.05385255510608
Belgium,2024,3.14349136500041,620050.5753954756,54556.1768107777,5.488,0.49047091878899146,5.293147011593987,0.8237355574911509,0.25319410460925684,35.785196877329625,36.90461157320553,21.907946843538046,584981.8720086971,124.33268534164704
Belgium,2025,1.9762834157441378,638721.237942401,51299.945588380135,4.208818391895702,1.7949993360942886,6.61281720738341,6.330901823699624,-1.831514925541926,39.408582127479555,35.51903076401742,20.696450274628564,662624.4307678472,93.11894374091027
Bangladesh,2020,5.69107474746211,373979.442362193,2248.85078828233,5.436,4.2891862514626,3.84106338588026,3.44801755122445,0.31894044196432,8.14832024557625,8.64089809540505,7.00153674405437,389459.167662235,85.22105273379907
Bangladesh,2021,5.54565430773473,416271.647911014,2482.84917843357,5.327,3.07621573507077,4.1211747067957,6.93867912442445,-3.78969259910934,8.3242513417429,9.53881335234034,7.64236301017901,438182.167775955,65.33848872447888
Bangladesh,2022,7.69695437176898,460131.688909301,2716.48592677835,4.593,1.9724805729144,5.04902187883131,7.09982877575158,-3.81010813185136,7.898727032819388,8.18177453986857,6.64927406882628,478360.553569206,60.97302238244718
Bangladesh,2023,9.8835030377921,437415.33104099403,2551.01772674142,4.454,0.629461237622801,6.89712404003441,5.77511237007889,-1.64602615306365,7.39637032635525,8.167677968256264,5.969760344471391,454873.454272724,83.29162639080786
Bangladesh,2024,10.4657482763412,512868.25134339725,2927.023843090135,4.68,0.5446379416549957,2.025749893353476,7.84516936193946,-2.262129295970893,6.565175174254902,6.432920513516676,7.400140027711703,506266.4939634747,56.7609498962035
Bangladesh,2025,7.496416893878776,534240.6392066174,3062.0089465893184,5.09653312358825,10.341037724270626,8.233774618646438,5.599915686290101,-1.2448386913608047,6.708033850666318,7.870198517179506,6.548638489141108,554200.356127777,61.842255593512085
Brazil,2020,3.21176803803376,1476107.2311941101,7074.19378281866,13.697,21.1971796870516,6.47249960755747,-3.2767587964736,-1.68778805337408,38.4811610303133,25.6990311015294,12.7193878571982,1445311.1404861,98.7098819546545
Brazil,2021,8.30165975585673,1670647.3990346699,7972.53665048385,13.158,15.0108849661413,13.047270877833,4.76260437908608,-2.41876568208583,31.7938785430396,27.3268878276443,14.1366751318622,1618525.2276388102,85.0115036701985
Brazil,2022,9.28010608956873,1951923.94208332,9281.33334441234,9.231,28.3960928277404,8.5702819532232,3.01669435393015,-2.15975658541159,34.134460976512,29.6160361326009,14.7258479184963,1897850.56334564,79.1023218878495
Brazil,2023,4.59356282283204,2173665.65593727,10294.866680778,7.947,37.2075093316886,4.65899475870381,2.90848048667777,-1.28505422213659,32.6916949165827,25.5746106904518,14.1546933435227,2107810.13224865,83.6989369386242
Brazil,2024,4.36746407652337,2053683.1235190993,6449.908062270537,7.634,26.344646662040493,10.75616763664793,-1.1362233305664908,-1.2908717978568927,36.14769620832817,26.842442047257002,14.194965172688587,1378809.9000372312,93.97660713464082
Brazil,2025,7.129113780955682,1589326.7805290383,8012.950189364344,11.498958880035826,24.64972337000555,7.361286351582957,-4.122434916694382,-1.9459680973520341,37.35235883032817,28.030620415224465,13.232314869087192,1232870.6046089744,104.08514435699327
Canada,2020,0.716999632307827,1655684.73000019,43537.839298904,9.657,4.238974679805706,1.07081026807496,-5.03823344128351,-2.01049352658992,28.5714736058033,19.0367507518489,13.5033320933869,1643688.33292087,74.5540471041546
Canada,2021,3.39519318527528,2007472.1814641498,52496.8441693242,7.527,2.111592043344032,7.66486542253131,5.28695689105889,-0.0221263171245921,22.665638508726,19.0762231325207,13.2198942999607,1990214.50651752,71.0739602315819
Canada,2022,6.80280115341613,2161483.36942201,55509.393176404,5.279,1.4031191468919153,7.65381992676227,3.81986633913397,-0.29227644014174,18.4965355496716,18.1633667923914,12.8260196517315,2133340.1051424,61.4178635753383
Canada,2023,3.87900159788426,2142470.9144013603,53431.1857063879,5.415,4.861024429172865,1.5347101132531,1.24892730403391,-0.642444781908559,19.5378162882848,19.9426030551771,14.007586078129,2112732.60561004,62.2285228239297
Canada,2024,2.38158383281173,1660849.848762206,44639.841214410044,6.45,4.124407123233909,7.521483408214207,1.9221693656460555,-0.3487575404650217,20.737136214801936,19.528982109173658,13.96869164153236,1674463.2557058593,75.46285531545162
Canada,2025,2.9166716040649363,2210370.4925817014,46078.46973624942,5.902384739311684,3.554391049825837,3.1663904851145066,1.8942516885472869,-0.08516991757407022,21.711933990717917,20.18428917783933,14.187176205554971,2033025.0170003995,55.7027330392802
Switzerland,2020,-0.725874933313384,741999.406005627,85897.7843338323,4.817,3.35750961859024,-0.699187622738137,-2.14173720650054,0.375066944737831,20.0431954756295,17.8932165958268,9.34487114995366,716684.165061556,20.8521076737596
Switzerland,2021,0.581814168489856,813408.787222499,93446.4344518943,5.013,1.37651137331578,1.24619196669597,5.39188804141473,7.07340304784119,19.0110684890616,18.4759192533729,10.0936772612024,800495.604747336,19.9857790162513
Switzerland,2022,2.83502798644463,818426.5502064499,93245.7952120851,4.122,0.145920367675993,2.4971595038279,2.56832817834069,8.83701935773527,16.6721583115085,17.3936227798371,9.10068229044156,801895.036040353,17.8028338561752
Switzerland,2023,2.13540088016377,884940.4022304091,99564.710026145,4.043,1.82218673744216,1.02331402592833,0.716066868695833,5.3624904490089,16.9055901382913,17.2390835961747,9.1000541682465,860241.1130846291,20.0953886501017
Switzerland,2024,1.06234041976595,861987.5813568967,92705.1545470956,4.11,1.3833739299144534,1.4621643058186882,3.1013256183162494,6.090955127833755,18.504381238216833,17.929706140459672,9.486484785807114,760056.035229339,17.56053588822861
Switzerland,2025,1.8955462412088717,881241.4732292405,97199.22537588511,4.26488016260119,1.8904379635095514,0.25115593598121944,2.1336066883210054,2.3680067082854723,18.52583972632537,18.029162990696754,9.370291983233257,815264.445029002,18.107992744351375
Chile,2020,3.04549084804326,254042.159309311,13114.815470545,10.934,0.9306732546049499,9.66572269693961,-6.14347479224092,-1.94941123362021,26.2421928843387,19.9382667510933,16.1961693332108,238186.960905052,95.70986285266773
Chile,2021,4.52456838259144,315515.014838539,16216.5706467899,9.281,3.4202286264059727,6.9147558846894,11.3339570691911,-7.2777100504384,30.7987584797003,24.1528969487593,19.6644047302073,297670.042257932,57.20232480129774
Chile,2022,11.643866711056,302116.53940903005,15451.1319576678,8.249,4.83136718742277,7.91378346570282,2.05874008095333,-8.65956531568217,24.0545547307517,26.0044134851018,21.2736151328078,287702.18274364696,47.99538712782401
Chile,2023,7.58168251407962,335533.331669219,17067.8136150601,9.013,-1.5643383149939059,6.59951204566833,0.218780666901552,-3.54630560751511,24.5784667401599,22.9454869474024,17.7185943290551,318450.11606372497,62.6442693784114
Chile,2024,4.29763891572524,293551.3490997929,16784.116854076263,9.056,5.379319953394253,5.836991222291461,5.552164026181103,-7.831175442385631,28.405597360181783,22.174476518555263,18.64310654158898,302075.1920515521,58.263625870702164
Chile,2025,1.948859143622924,308465.5768523036,15429.197166266878,10.408699635084373,-6.91100851165632,5.295157643702787,-1.830117178968671,-3.577310835537748,27.497525500570276,25.260917296236574,17.104285841933603,315880.2478357192,62.00279598370882
China,2020,2.41942189457782,14687744.162801,10408.7195541075,5.0,3.83860120447208,0.49249391805742,2.23863835634639,1.69417196526513,30.14263804962338,14.0860868384369,8.09062621607631,14570138.553468,140.96207877178102
China,2021,0.981015135544882,17820459.5088522,12617.5051041181,4.55,-0.193517050835666,4.55232657897571,8.44846941687277,1.98022814428178,28.88810295476632,14.9369703981745,7.96512804614377,17696312.7196492,136.559131385567
China,2022,1.97357555739051,17881782.6837073,12662.5826712038,4.98,2.48107607622312,1.82367710735865,2.95066992959268,2.47947458572128,26.381425303413618,15.0124733393881,7.70087321650666,17728564.563900698,106.93392935776743
China,2023,0.234836828893051,17794783.039552,12614.0617416421,4.67,4.96128802760332,-0.582393794026771,5.24955786387791,1.42169348613261,26.526157651200087,15.468774031062,7.84236823527058,17645270.5852867,124.18514493795055
China,2024,0.218128938439177,19797285.02261314,13299.278541893784,4.571,3.069394820357661,-0.08632077098416208,2.6248336066369022,0.755021671864641,26.14451279723611,17.85468782560004,7.470614949563735,19606021.268478975,122.245066243064
China,2025,-0.07525017112039334,20313109.142566666,13688.002182644987,4.610685851498985,2.862448052501948,2.603366954355056,1.7504335353906064,1.1410559988766171,27.060486948637482,16.091378204836477,7.219491610838622,18997069.49324161,122.8888724922925
Colombia,2020,2.52663500084706,270348.342541465,5339.68711357943,15.983,8.24660761552955,1.48172462037553,-7.18591413760859,-3.42772945914236,36.5543934839744,23.6871303712315,14.0452385553971,267833.501944668,91.1566069449736
Colombia,2021,3.49505757399448,318524.633225395,6222.62164397614,13.898,1.42458739401645,7.80211309545884,10.8011981904878,-5.6351694946032,35.6635486558905,23.5474759563245,14.4463230965207,313509.201762482,80.3666516174088
Colombia,2022,10.1772313546166,345329.875078512,6674.59601948063,10.547,0.819154152685682,14.8665745551143,7.2888838865514,-6.14606090715928,32.4193456934105,25.4295500704256,15.2766681363411,337877.67746828,70.33140026012
Colombia,2023,11.7359044948689,363493.841244303,6947.35928681966,9.594,13.8189997645355,6.33605731984103,0.610409565791542,-2.37230770483043,33.5924934595053,28.6315353964396,17.7026930551997,359767.496425645,71.8790882440625
Colombia,2024,6.60908593728228,364820.33259011013,6024.736952425424,9.608,2.588258917479634,6.186378548264087,3.631443349304607,-4.533341823996647,38.44322329254024,27.64825018197107,15.610309305349103,315409.87910809944,81.04952764325996
Colombia,2025,8.224469317228468,296678.728668205,4724.309420618161,9.818300236240049,10.136290381454346,10.269988072159885,7.181626757054659,-6.480851098743705,36.309166611799554,26.392033367664567,15.798003701085767,368250.73422861716,77.4096321485685
Czech Republic,2020,3.16129528497801,251109.66060253602,23472.8915454417,2.55,-1.12128533160186,4.51623222399486,-5.30487954551279,1.78520080795831,37.6424553361707,31.4093362784941,14.0731168065984,233709.848019733,95.70986285266773
Czech Republic,2021,3.83984491500146,290972.71448231296,27696.4619527544,2.803,-0.800024650179158,4.03442638918558,4.02901830633854,-2.04624111898244,36.8457557403545,30.7807294354331,12.9358385035563,270290.707240003,91.23869646835452
Czech Republic,2022,15.1001651468371,301831.22832555603,28282.2236715857,2.224,-4.09132848261658,8.67110088094911,2.84717065717149,-4.52048439437013,34.4426537105922,30.2210309633991,12.6419883935481,277349.488376076,47.99538712782401
Czech Republic,2023,10.6612601372426,343207.87455373403,31591.1770732969,2.579,-3.21389905957262,8.15889263966358,-0.085330275927376,0.301691698482678,31.239284778099204,31.716182209476138,13.442867326904576,317869.839762542,62.6442693784114
Czech Republic,2024,2.43531202435314,297273.7352487285,27277.301012936136,2.506,-4.037348135615902,8.343243510285085,1.6592259804552638,-0.9794391517693048,33.442740650474704,30.62213453021308,13.042026920556093,252478.83206112555,48.313914446083494
Czech Republic,2025,9.287182437993536,345370.9058196688,28031.84677322166,0.3122737178079308,-4.218105143323278,6.627902022975245,2.979903895027361,-2.3811320420124655,37.58091836368754,31.68420870100997,12.875559900539745,301132.0910837994,62.002795983708836
Germany,2020,0.144877925813982,3940142.5413541,47379.765194548,3.881,0.8019802019923803,1.75504597095741,-4.09513749064689,6.34985102790796,32.1608467019556,28.5741617917336,10.4109728028015,3998734.91735098,125.34545882932161
Germany,2021,3.06666666666673,4348297.440387529,52265.6541620571,3.594,0.10795409689921201,2.80292938819132,3.66999986156735,6.93196765120446,32.720769435816,28.620439226865,11.0225053448154,4443312.8831976,127.093733799369
Germany,2022,6.87257438551097,4163596.35787939,49686.1154582583,3.12,-0.7342958489766805,6.09185662231558,1.36973105536585,4.43791548373552,31.4551133705123,28.2974569090886,11.0108628299,4241258.69494165,103.72570628188937
Germany,2023,5.94643667725823,4525703.903627531,54343.2265084958,3.068,8.601808481637182,6.14291653024772,-0.266438410090913,5.80317294206,31.340499027311367,28.581367352745907,11.108426128596664,4636236.58906871,117.97382165963859
Germany,2024,2.2564981433876,4140663.8368064812,51995.305584636946,3.406,2.759510130235293,4.002744744231481,-0.5275196235634256,4.966106160443308,33.47381942456811,28.76602918192243,11.044004335156203,4375216.948531698,122.85042960095447
Germany,2025,3.7772406947675616,4433308.982793307,52755.41467990085,2.80969852534009,0.286719831461608,3.7132463330629957,2.68080740961218,5.9007256211951296,30.742221251305757,29.05641780014253,10.764161493634287,4588898.633177288,121.96492043213023
Denmark,2020,0.420711974110115,355631.02193162096,60985.4885601514,5.637,2.552151354097591,2.82692165384543,-1.7801059882175,7.23112965395448,38.7585745073268,39.2120703827283,34.470930251185,367136.215276414,78.8885668877517
Denmark,2021,1.8530454398968,408378.204639999,69727.9873677012,5.043,1.6089801010047253,2.76891919858527,7.38206628977555,8.65914472386699,36.2155316033098,40.3735518701147,35.004012294038,424501.033300764,83.66600956949273
Denmark,2022,7.6965669988926,401945.576107963,68091.3191138669,4.434,2.9483006966275176,9.09696553405558,1.54017310709567,11.5656223681511,32.0184253924653,35.787251322537,30.6692719191866,414709.86731525895,80.3756727015273
Denmark,2023,3.30517811237606,407091.920305404,68453.8769281145,5.094,3.1923572156826583,-3.78891798596015,2.49518433148894,9.84084615992846,33.1387313045139,36.6991297613195,31.404169068147,418673.805445712,85.42031438840547
Denmark,2024,1.37220049768918,419758.4397852553,63107.67362704545,5.587,4.167850498862482,5.168463049265057,3.842558443028922,8.980861108995665,31.898315771454683,39.68788664224557,33.81870008088394,388464.7241009821,98.6962366839197
Denmark,2025,2.4909874009080726,422137.6795704244,72062.05467778564,5.340882510577135,1.6485312035621458,4.246608184339726,2.3040157546198934,9.812312552145842,32.58893295518632,36.232171458818854,33.949591738575926,416818.30442834273,88.93469174693367
Egypt,2020,5.04493288977539,383817.841547099,3511.11381026379,7.974,4.88781543020781,6.17693409847963,3.55016483786838,-3.70903990583376,34.77114307315455,16.514529717066434,10.295430386176498,372463.841547099,85.22105273379907
Egypt,2021,5.21404940513043,424671.765455704,3827.35415374308,7.441,4.36620669870869,4.84715643244118,3.29064601202211,-4.38240299812002,35.398717410688306,14.955122923762014,10.709881995386104,412272.565455704,83.66600956949273
Egypt,2022,13.8956609775178,476747.720364742,4233.30783744856,7.344,0.142669652477037,10.4257892435745,6.58784560886967,-2.2100904275198,38.789872767723864,14.780863539948369,9.79441963403067,460984.520364742,60.97302238244718
Egypt,2023,33.8847763115546,396002.49699696,3457.45691570455,7.334,-5.66130850390234,24.8250653743744,3.75870055176806,-3.17277519022305,36.37871975439766,12.134271586369447,9.620029091665577,378684.096996935,61.37266230034461
Egypt,2024,22.198664555833233,471022.8740552291,4112.827720044666,7.198,0.35331482749321064,19.747554101214583,7.160573513395876,-6.51403049810402,37.103082884795704,12.231164375092632,9.040147534726408,361375.79637212347,98.6962366839197
Egypt,2025,20.820999270110466,404899.1808230842,4138.419573340652,5.924913880816807,-11.533876273153478,15.751692084307427,5.131662199210136,-3.6368130614736165,35.56526064587702,11.459202277073807,7.779721987931999,376559.74461912614,87.40548650027877
Finland,2020,0.290554555653239,270000.311606226,48828.6846862799,7.759,2.2155535140916824,1.63841612956087,-2.49103620977239,0.529983303828095,41.4819765892371,35.469801638838,20.0057532774645,276322.367069261,81.59828365737567
Finland,2021,2.19457432340007,294223.210496119,53099.1351400148,7.617,0.4259622815629737,2.43461236911682,2.73471348589543,0.326640931588569,40.1026675885578,37.0226399318229,20.8297824444051,301103.21087984,96.84301306037658
Finland,2022,7.12350773301402,280241.51577432,50438.4753952355,6.719,20.922487857414264,5.44943422380896,1.4500480727209,-2.50703012641764,37.9360749124468,37.1830424914701,21.200267544453,284510.574953308,47.99538712782401
Finland,2023,6.25064322154763,295532.34125490696,52925.6897638424,7.151,-1.2634815867313514,3.91351734729513,-1.16396281522198,-0.5344693537674,44.854383140641,42.0657105224645,25.3318454558759,297129.375017652,39.701619795458
Finland,2024,1.56568906231616,297793.6772687691,52774.47408038606,8.26,0.16346168855279056,2.038325619140453,-0.19197023672257307,-1.0910473243484786,41.024520501365636,36.64260000991101,21.115742044494645,291974.9924742703,58.263625870702164
Finland,2025,4.319216722992414,299997.9063633935,51820.066083560436,7.283691245665583,18.32926251121586,3.354094560373294,1.669551622443881,-0.7951620849981457,37.09256299877756,40.02773960015712,22.603474043091836,291452.99381089926,51.43303693376877
France,2020,0.476498852725066,2647926.05511005,39169.8606000707,8.009,1.979491172207883,2.9779787161909,-7.44064593044142,-2.00313613657686,51.9636314257982,43.3219907101665,24.7888064416138,2667982.79034398,122.181515731387
France,2021,1.64233141038385,2966433.6920080897,43725.0999521245,7.874,0.5010284527744795,1.22181611014376,6.88233786590355,0.244238511780542,49.9944440065304,43.504848267154,23.9794445386059,3024516.53107359,115.58850689623
France,2022,5.22236748369735,2796302.21039884,41082.8119320747,7.308,-0.6214445135080677,3.22063217116909,2.57084047443969,-1.18259080268105,48.8338671441779,44.2550165980338,24.534247684466,2828314.88899807,96.7764980125667
France,2023,4.87835726508441,3051831.6113847597,44690.9345395117,7.335,10.100810493460795,5.30357175264875,0.936487502671483,-0.993970970723725,47.3264654106394,42.2749864603668,23.1103805885841,3091101.3074150602,98.4729036917015
France,2024,1.99904942291463,2949421.1158160036,38556.866950835814,7.37,3.84272350516045,4.856624661878261,-3.290694173612093,-0.5298923032000737,49.224166731263416,43.78197411801887,24.780824418996676,2898341.1884267395,119.31193586562387
France,2025,4.944510118648117,2755804.8011730085,43333.40193258987,8.312411951512809,1.8371253382910808,6.006509157916028,-1.0391927758833925,-0.3706701340272617,50.77108837828427,43.86721888708926,24.7506899927957,2840103.075048277,105.17539344216132
United Kingdom,2020,0.989486703772491,2696778.3866076497,40201.6812422928,4.472,-0.4356476263102781,4.96982052549251,-10.2969188737567,-2.95839949111081,48.0124897432167,33.7372818264538,24.7854276187243,2640330.9200764,196.640576642773
United Kingdom,2021,2.51837109614213,3143323.0507072597,46896.8662432834,4.826,-0.7745556986842852,0.0665566228650079,8.5759509048565,-0.440671238610715,43.6472827513783,35.1040518071235,26.4149383040168,3158743.95647628,186.794915550888
United Kingdom,2022,7.92204883147902,3114042.4711443903,45935.9276473925,3.73,-0.460431008879724,5.44390479781602,4.83908514714403,-2.27877411232757,41.5283554488788,36.680918672529,27.173147226044,3104062.21368648,141.244397228023
United Kingdom,2023,6.79396706793963,3380854.52080954,49463.8554617343,3.984,-1.2735399489455705,7.29825479586994,0.339966158003463,-2.21432613498015,41.7163199362948,35.8462722272446,27.3188631444738,3296696.9997334904,138.193489848821
United Kingdom,2024,3.2715729463592,3323905.896063076,49483.82214046265,4.111,-0.3917160984050945,3.67071997495068,0.48227519936936936,-2.9646555849251928,40.488958817311286,36.834616579575034,27.259683824513136,2878444.1611379366,201.16733126539145
United Kingdom,2025,4.029011820739105,3292575.895757776,49875.52931379648,4.039022299160708,-0.7247460502658578,4.04258213006586,6.303709785217188,-2.86672727566113,42.69233180280031,35.086067015312764,26.552829166132685,3059895.3174772332,172.0506343429948
Greece,2020,-1.24798355581405,191362.985554861,17886.733165236,15.899,14.271998512052997,-0.3639597319481,-9.19623147082588,-6.48664200392795,58.0698817576878,44.0015590829144,24.9917156858479,187724.248007129,249.366027184106
Greece,2021,1.22382501019854,218303.80189532597,20654.7001960815,14.656,14.27424917386955,1.39275645318513,8.65449785311438,-6.34795283469092,54.8325762184431,43.9497127949658,25.5777359596935,213013.30158994198,233.448695008579
Greece,2022,9.64525981280632,218880.566444349,20971.8349258283,12.426,19.030148852054996,6.4958241447423,5.74364918958959,-10.3357101038965,50.5946031348852,45.0580295027497,27.6693971786038,215323.64404348098,202.480392684901
Greece,2023,3.46480128513405,243498.333237802,23400.7278817691,11.066,28.82442412600984,5.87456266805546,2.3321238825698,-6.16330418209365,47.1947012803121,43.2372754204675,26.6335826101613,238668.954547047,190.608142099084
Greece,2024,2.74149045788606,197072.64179932565,15610.043872691185,10.133,19.5746077348631,2.263583097351069,7.004505602798655,-3.4331956834321056,52.64304601997628,46.07495651191322,28.540423660538874,184478.1746727797,232.1880121935216
Greece,2025,0.5943885229940409,207021.3870452726,20722.995200029196,12.09670745694093,22.957264756032707,6.173939805722771,7.558078932907067,2.6898477365925,43.3397906701169,47.55211966824232,28.640068833841497,158410.64299532463,220.45320760384476
Hungary,2020,3.32674385766738,157288.955508176,16131.9540355923,4.25,-4.16562578727742,6.38947660567723,-4.48704604765308,-0.856486462034654,44.4272824801442,38.010169085539,22.856020688758,153532.999274884,95.9372022493216
Hungary,2021,5.11096534382855,182109.99947769102,18755.1023464312,4.045,-3.26450115808617,6.43924810515087,7.06122060972912,-3.87800347437411,42.5387805161118,35.974472011826,21.4831535931987,176321.181848921,86.9236862466223
Hungary,2022,14.6081439492433,177006.12862462702,18353.298364905,3.609,-3.1304103307255,14.2313411581322,4.58340767295068,-8.3205705337549,42.4169558755882,37.9436459498737,23.4281197043669,171906.025966474,75.5259534751362
Hungary,2023,17.1249659678737,212388.906458724,22141.8669799276,4.107,0.481988651849058,14.7490051351556,-0.907685956140242,0.787522464190016,43.54795449066212,37.42215297858545,22.053676290799565,204857.214604962,79.91612076788766
Hungary,2024,3.70370370370369,194414.44577440943,20367.373458432467,4.434,-8.533256278038975,11.309405659239104,7.801087200509961,-1.3520664132877176,40.13581975455082,35.52457184857912,23.050119951679278,169227.901977705,80.18529255939237
Hungary,2025,-2.027011809181067,201478.91544451987,20472.71317820487,3.8414042695407247,-8.66042234341814,9.401069242512397,8.37456903321273,-5.866942212053699,37.443804940900996,36.862348720105196,21.868729800342877,199220.0782871028,88.9015595668969
Indonesia,2020,1.9209680056685,1059054.84271155,3853.70288778903,4.255,9.98592671987597,-0.401651435218994,-2.06551182934165,-0.418606247730959,29.691195209730363,26.01092003658876,15.598720746193516,1029975.05694017,55.304510305849206
Indonesia,2021,1.56012990525673,1186509.69107097,4287.17313989405,3.827,2.7532239499583,6.00397322136207,3.70288562827751,0.295885914530007,28.151347437304178,27.11710628714522,15.070148299044854,1154297.48684638,52.48897452658677
Indonesia,2022,4.20946383402165,1319076.26729151,4730.74548910499,3.462,-0.955296610119879,9.56668684525337,5.30741934775764,1.00184767462664,29.51431231716228,29.43755945857892,17.434291809458713,1282833.04315133,41.26452600981494
Indonesia,2023,3.67013142377007,1371171.15233116,4876.31432703188,3.308,7.28195525441058,1.5330736733459,5.04810577067288,-0.148899137539572,32.25133565432499,30.98125356217745,18.370418934633918,1335866.3544177199,46.08917474509773
Indonesia,2024,2.8206680006744094,1358027.6867482306,4372.854853520534,3.3,5.884365911083299,0.6607875370685778,3.224084510158432,-1.7744455867987428,29.153759945348305,26.87091189874502,14.95943592589092,1163803.1164307832,48.349483531891224
Indonesia,2025,1.4061682673954041,1218252.328798127,4567.0989153734445,3.5384818214842615,6.338892078146381,-1.2907153864870193,3.856549680460847,1.4089538662657528,33.41790245158932,28.885687813527664,17.045720753715237,1368240.7670703318,61.01645017569697
India,2020,6.62343677628535,2674851.57858727,1907.04251637669,7.859,4.13599957786408,4.81485791893405,-5.77772470686801,1.22362111042791,15.112898601960904,13.63021130651033,8.74101827119815,2638922.0067290496,45.71806455106715
India,2021,5.13140747176369,3167270.62326047,2239.61384367482,6.38,0.316945144211866,8.35490771481598,9.68959249192875,-1.05524166809384,15.130895933571214,10.278096144775976,8.412525585928647,3129982.8490420696,45.68192146140414
India,2022,6.69903414079852,3353470.49688633,2352.61392452078,4.822,1.70461092850436,6.74751308321969,6.9870393257555,-2.35728753316071,13.3042414679066,9.0901147744163,6.71965605554655,3307391.4973747404,44.88802303114509
India,2023,5.64914318907925,3567551.6746230097,2480.79208721621,4.172,10.584397530195531,1.33405065563208,8.1529363109041,-0.895916592872975,13.749608404948733,10.348171463597815,9.045523428362268,3515454.30953894,43.57845823096269
India,2024,4.95303550973656,3711245.5273751477,2428.7581446556933,4.202,8.18933003064885,-1.281796754115745,2.680136033233605,1.6758956641529026,13.176247910395444,9.489862964850811,9.583905897259404,3476245.607798897,42.53549113705946
India,2025,3.875449186826562,3555639.934745475,2488.685776579353,4.889448982599031,6.05838230714834,2.6204560258671594,8.403157939862965,-1.8090041886467838,12.323500313560123,9.831080916392331,10.228887543977331,3738183.8948161677,42.172330415019616
Ireland,2020,-0.326183651280033,436555.518400451,87567.1148972037,5.623,2.449832800274204,-1.92433938965517,7.15789883057209,-6.71276262590436,25.09442647814,21.1204147309134,15.9051983090981,324405.10769209004,70.0047790053242
Ireland,2021,2.34034113447044,531306.516907984,105561.137468992,6.364,-2.73213089805322,1.09810305153333,16.2556132446002,12.2562799365962,22.2211414269678,21.4086562163273,16.5930205963518,383333.737150831,62.1665685484345
Ireland,2022,7.82945736434105,548570.250341987,106194.755859223,4.501,-0.5295482341928874,6.76287565719737,8.61950355191492,8.82777423084431,19.2347136594726,21.5610968148177,16.7857030010673,382869.674217081,45.400258888176
Ireland,2023,6.29942487419125,551394.889339778,103887.800388081,4.288,1.8742741978459052,3.62187153658782,-5.53000736095537,8.11468850147428,7.611185275354189,19.939046491712883,16.72941142556447,419845.58558683505,44.76913932158277
Ireland,2024,2.11344999577317,528764.2549909488,105878.70231508154,4.369,2.658944217641838,11.199421660253602,3.5795013883101374,3.1252753009927985,7.775751867597312,18.117897018281063,14.894733304779972,407105.1098323307,55.740030025609784
Ireland,2025,4.01299785960772,569327.4644455516,118305.54918820137,4.149359911373864,3.0611638296984833,6.506941190644083,9.493580710635937,15.238639181235426,4.055171849703898,16.52934340076945,16.620341281419464,418182.7428808883,38.90537975793144
Iraq,2020,0.574162679425795,180898.79751687398,4295.18945121228,15.778,66.65957898699303,-11.2201963874445,-12.0367930931001,-3.48598226553262,26.79675781709728,40.974278863413616,0.9376036233524474,179091.89751738,34.656489225849754
Iraq,2021,6.04186489058044,209691.945713103,4868.49431080783,16.173,90.9395906899942,38.8998331529519,1.5021807095434,11.7148037882244,25.2428064013686,31.546101547713512,2.437816895472743,207627.745713103,31.984822228014824
Iraq,2022,4.99476596381044,286640.34096551704,6504.12428393548,15.511,108.82415778248321,26.9938337592464,7.63981140218355,20.237730601562,25.876701619259578,37.71202721383196,2.772745455312208,285694.140965517,33.5852730684882
Iraq,2023,4.35835351089586,250842.782139464,5565.12644647176,15.447,122.92576814783403,-18.1894127218862,-2.93555773971221,11.3117013578386,25.59274745575742,48.95061358695178,2.9782091133088144,251816.08213946398,33.888196190706
Iraq,2024,3.207549821833334,231728.51448649133,5225.819122679846,15.524,93.9578271328868,19.951317076017183,-9.7705210388581,1.9129955901999693,27.628319702168515,44.905202774448924,3.0954460863062776,234489.8659013923,35.33901623034379
Iraq,2025,3.0776938959241944,262738.6823077228,3854.125785914118,16.898982897412736,109.99752697712893,14.931005515577581,-10.10227592940041,18.95456486579037,29.09614609023241,50.071419139636426,2.311532025271873,266494.8828113209,35.00527502294549
Israel,2020,-0.61441235846577,411728.563086632,44679.7715799755,4.169,2.31426049991113,0.971284967965317,-1.46460564253812,4.05349579705705,41.699346026319,30.3181535474859,21.987414524036,407899.013182635,68.90874358630232
Israel,2021,1.51020047690539,489708.27889305295,52255.6159050999,4.812,1.00964623444939,2.07020211665778,9.34390774596847,3.25881768551542,38.202299421711,32.6931125019554,24.5714433555482,482170.209223983,88.12942405738897
Israel,2022,4.39359665912654,525000.4152766779,54930.7261602593,3.695,-1.68785684647237,4.72579800556809,6.47037150232485,3.2579212324977,35.257917194513,33.2542161441931,25.0103227772634,520492.108611226,84.66545117930475
Israel,2023,4.22535211267609,513611.100815691,52642.4267486308,3.596,-0.7797724370282699,4.26608944082265,2.42300691049012,3.62219585411103,37.3325068697472,30.278963607764,22.0749261748925,506703.670405958,78.68233876832053
Israel,2024,3.07052614744924,550405.7966311557,53419.764330247504,3.15,1.2015092278335993,1.8215591104962257,5.8804845721978545,4.558654657727372,35.27973612213076,31.921547617466295,23.096299159416073,541994.0056603438,68.739494334121
Israel,2025,2.2483686589328737,548547.7842123085,52836.2574602952,3.373546561937742,-0.6562793320013453,2.1248141190570475,4.913301103696829,2.9631217773578897,36.74696288400418,33.22264617486571,25.673059628701893,543684.2534018144,50.999542796916316
Italy,2020,-0.13770757391651,1907481.09407923,32091.4866621366,9.164,0.739269303549746,1.57740277527265,-8.86822121046387,3.9369545603398,50.3444915572159,40.5950400712713,24.8458109789517,1921655.17669323,62.40182431944212
Italy,2021,1.87378325762481,2179207.7735960903,36852.5425414951,9.497,0.733185622941066,1.28332191197099,8.9310620660078,2.36551166160116,49.6527178126937,40.3348719250734,24.8769150126615,2182382.01204027,59.18367070593664
Italy,2022,8.20128991161718,2102995.9427204398,35635.7442204098,8.069,-1.25116298090401,3.56016140243167,4.66176265113695,-1.5588851197709,48.3949139305084,39.6278539964024,24.6189526387081,2085487.7454531202,53.85045037429821
Italy,2023,5.62219442195901,2300941.15299181,39003.3160954123,7.627,-0.875338874807456,5.81875394007432,0.69763299419678,-0.0107548120555719,47.6049028915113,39.3416094557081,24.877568219645,2250908.3666817998,52.489415804880956
Italy,2024,0.982373023061417,2282056.635939896,39630.420421262796,6.778,-0.43876150344339127,2.3482738279078648,6.236578569243216,0.9236218536409326,51.33347287927229,39.38371184116847,25.467437253169546,1931200.2137906728,59.48308734544562
Italy,2025,5.710614107652386,2041594.131987841,35140.00348423637,8.912325994043155,-1.3751806740676669,2.8225573688437495,3.6170257325243567,4.196531057994422,48.083163109772315,40.55576599468066,24.548235847466874,1919955.4727908701,54.026649682447555
Japan,2020,-0.024995834027731,5055587.09350159,40040.7655055923,2.809,-1.6485801712718062,0.941449700794308,-4.14711889947692,2.96758662260168,23.5988078728704,31.971737141227106,18.71440722265789,5241005.75382788,215.755540579043
Japan,2021,-0.233352779398264,5034620.78458498,40058.5373276179,2.828,-1.8473966273166185,-0.19006062486126,2.55932023865617,3.90347308918604,21.6380905707389,31.568461474198376,18.94126575720565,5275289.20725822,216.329364856741
Japan,2022,2.49770278172255,4256410.76072375,34017.2718075024,2.6,-1.8154196582470745,0.333979877221765,0.954736937781391,2.1180194826945,20.9609581817444,29.126374249753685,16.08165051424979,4515110.236512519,216.213375459903
Japan,2023,3.26813365933163,4204494.80243155,33766.5268253808,2.6,-2.6339856299451982,3.79301783489684,1.67901952310368,3.7860667684835,21.31098426349264,31.278481391932644,19.092152301932366,4453892.01075624,225.92531958808357
Japan,2024,2.73853681635241,3908225.2240958735,33342.34130429324,2.563,-4.730230892387274,2.613799384327935,2.5120352006871394,3.6796654342759596,15.65692375196164,29.01195698793199,16.719365332106435,4511732.160417867,225.9025275568407
Japan,2025,2.947149231989464,4114077.1419435623,32350.27350791678,1.326797723817108,-6.079247475332612,3.2995700086143493,0.15779450831085945,3.322977703854153,22.74451607776271,27.605014759355242,17.296748880418995,5252583.011843918,234.7235109211952
Kazakhstan,2020,6.71815454861464,171082.365861423,8781.50797787648,4.89,19.016160288959746,4.21085829258907,-2.49999999628,-6.46182057750937,16.8328642687514,11.8421559935191,8.3188093138288,156009.669230591,23.7157605024381
Kazakhstan,2021,8.04147134028396,197112.255360612,9983.60103576902,5.546,14.27424917386955,13.9300750551614,4.29999999729456,-1.35935671668035,17.1165193502456,12.3381823490202,9.44711136309549,172923.312214507,22.4120405815457
Kazakhstan,2022,15.0278644440851,225496.328925494,11255.3396437881,4.86,19.030148852054996,19.7690064802492,3.19999999970734,2.85390106329207,16.1647366957137,16.8877605760788,12.0616921106992,199981.133856769,21.3547830101811
Kazakhstan,2023,14.7249900200331,262641.892078524,12918.8661346014,4.821,28.82442412600984,9.85761932391583,5.09999999973641,-3.41952978676609,17.3925228166182,16.4861706026168,11.8561721571431,236494.030772199,20.8220895673088
Kazakhstan,2024,4.85655589318192,222841.25276207857,9773.949613107321,4.794,15.819343791028256,-0.8938603256128967,-0.3815600821148335,-4.262618619877548,18.792801783908455,14.120130301526922,5.476069006207094,170756.92348442553,22.436743687664
Kazakhstan,2025,11.737935618529361,274261.4571110421,11369.917900972963,5.213661139561317,22.957264756032707,3.0620386826107646,-0.0769927587636885,-2.678497909072206,17.20673149338726,13.365689665799191,6.737601753656876,186595.94289202176,26.60957856558497
South Korea,2020,0.537288023411737,1644312.83190617,31721.2989141857,3.931,1.21885992613016,1.56374685675343,-0.709415359397681,4.6160437677793,29.7259285261153,27.90250204791,14.8612576736336,1658668.66599032,46.4315966423379
South Korea,2021,2.49833333333339,1818432.1068800401,35125.5224984723,3.639,0.117975152059719,2.76293194144772,4.30473481906969,4.68690580624589,30.4912143759034,29.9337668091094,16.7347339402527,1838899.31716523,48.955278643504
South Korea,2022,5.08951365062842,1673916.5117997099,32394.6833725203,2.857,2.97897986524902,1.27552257409207,2.61267219187226,1.54300407564714,33.6430322591716,32.0041644408096,18.4445796703636,1698504.1318783301,51.1791323198157
South Korea,2023,3.5974562502901,1712792.8542023702,33121.3712885508,2.675,3.06189296952557,2.06407396162432,1.35673324311098,1.91626791993389,30.5053798203587,29.4603899687342,15.7242791307935,1744702.63180569,52.2965549034288
South Korea,2024,2.32174328643542,1781766.4013636922,35489.27650845671,2.604,0.6858359822385098,1.3327583740090472,-1.487785524093454,3.4288462471696404,35.27163213703523,29.342885659702866,17.802044197953563,1935370.5107817326,53.456958652907254
South Korea,2025,3.7677829022447695,1942250.6965985857,38202.576978208854,3.50474190062494,1.6727800588147543,2.1681113735191393,-0.03199363025786828,3.98321662914222,33.83043485797304,33.25818543428566,16.00919415015428,1958087.7221776901,57.30499617033815
Mexico,2020,3.39683415570006,1121064.76726188,8841.27075003163,4.44,1.6458420984599,4.61979011759097,-8.3540345574586,2.39997618948584,21.6980704247972,18.6445328305744,13.8975134544893,1085047.50459005,45.8373464169213
Mexico,2021,5.68920847683753,1316569.4669325901,10314.0506741437,4.019,0.386354415459224,4.48797277024499,6.04848344290505,-0.341323111758756,20.8923836587694,18.3430886452526,13.4112621199031,1282549.13752722,44.8609557980964
Mexico,2022,7.8962761916855,1464312.69233158,11385.4070757929,3.256,1.5793605736953,6.49719200406193,3.68911109348025,-1.20188858644509,22.3457245647787,19.3056685290032,13.4281110671168,1430370.46953523,44.0481728467751
Mexico,2023,5.52796087314389,1789114.4348434599,13790.0243428344,2.765,6.82726295643863,4.45991367594138,3.19998116598492,-0.306117545828148,22.5258954506252,19.1429649561721,14.2665980098948,1744482.3176696799,45.2613919277323
Mexico,2024,4.72225588452932,1706580.3245421434,9387.62442812821,2.711,2.3147468580750883,6.056214305085664,0.5526963369292704,0.6926748065670878,20.919314078729222,19.800000245514756,14.713470461549823,1778891.0242214943,47.78931498511894
Mexico,2025,4.652680011644788,1667581.409484555,12439.73447103767,3.4793794451923157,7.6556259593480664,5.673850158313802,0.8357813019398177,-0.8278191933303327,22.768608633030958,18.775762669200716,14.669580690627996,1531426.9588052137,44.95923436594944
Malaysia,2020,-1.1387021539305,337456.163961211,9957.52626697613,4.54,4.80149199718223,-0.818007729183023,-5.45684658426701,4.18956779359845,18.4715851445262,15.8672577102456,10.8846712054019,330671.265155887,62.0067215086738
Malaysia,2021,2.47710241465447,373784.82367294596,10903.1116425938,4.64,-2.11195861208843,5.67593848764116,3.31534954399166,3.87747670667502,17.2542689687307,15.0934538926416,11.2160748437663,363611.08924177504,63.2668366732951
Malaysia,2022,3.37869862549928,407605.841348235,11748.0919307944,3.93,-2.34527886822707,6.40348511820096,8.86182187578046,3.12519285726352,17.9061514875177,16.4086792687527,11.6374738583074,394667.473818317,60.1811225069523
Malaysia,2023,2.48886560125754,399705.169318477,11379.0861000632,3.869,7.32680719159387,-1.87225562537837,3.55548715410509,1.56542803967803,17.0192684093425,17.2778667148161,12.5725185914202,388101.205732467,64.3209101553548
Malaysia,2024,1.834100204499,424549.8511272877,11578.684229647137,3.826,5.005415526541714,-2.6643204683206987,0.8874995517685189,1.4144671394526331,16.129532375356074,13.655787747054994,9.534752644089654,412526.5362847679,64.4399631520595
Malaysia,2025,2.7468216762771216,416377.69019748515,11329.878993318052,4.50327241717034,2.6381768766722855,-0.696733777667127,3.3965047719938406,1.9992804810801237,15.408909007472102,14.588976754773885,10.803982832638638,381831.77385324927,64.12349676528733
Nigeria,2020,13.2460234276597,432198.898467795,2019.65706326224,5.742,5.37128021114731,7.84914204720589,-1.79425308274458,-3.69874324007746,32.3237025342129,23.34290350292184,14.963256762394854,427431.91639061604,64.97234408522579
Nigeria,2021,16.9528457221608,440833.63587382704,2017.27486481527,5.45,1.22771853011479,10.1310336867347,3.64718654072446,-0.738183955457954,20.345995795121553,14.8849901298838,11.782423986177596,432250.67705707,65.33848872447888
Nigeria,2022,18.8471877843274,477403.400101174,2139.37478476974,3.821,0.91923189527194,11.3113349413983,3.25168140827093,0.213362293998091,24.061124357770865,17.92168790141855,11.673619790518508,464530.82775553,60.97302238244718
Nigeria,2023,24.6595502031139,363846.332834618,1596.63696129001,3.074,1.23305048739489,12.6218692275514,2.86021499108364,1.65528597155347,33.417000335301715,24.899618256221586,17.04383681761657,352906.09381322603,62.6442693784114
Nigeria,2024,21.0510637397333,383530.67223889235,1881.4525857287376,2.989,-2.0274407497333904,7.09632560243336,2.2559534809503097,-1.441515972693182,21.18519300038316,21.585751803897068,16.836136590759395,439766.2953536223,70.96622983143318
Nigeria,2025,18.596384549587835,471446.0047544909,1867.4260383927951,3.883408139410197,3.256406587332795,16.655615964831167,1.0710912703059141,0.5712849963509936,27.780023462058715,22.083132802933196,18.198723661464307,333188.01562778896,83.6799057155831
Netherlands,2020,1.27246037789161,932560.8617011701,53467.9277413737,3.82,-2.142587309685973,2.3557302816255,-3.86795339323423,5.61802810313741,43.0242399226909,39.8403846836905,23.9228232020312,880056.390964983,54.22230210805884
Netherlands,2021,2.67572008805385,1054472.1234496,60141.9880911492,4.209,-2.1889607686969415,2.74734323804928,6.27683073230526,10.0468874909398,41.7954124838764,39.4413100779541,24.3086759015198,1046137.35248448,51.304567944884596
Netherlands,2022,10.0012078753473,1046540.79754864,59123.318556487,3.526,-3.0302802608263666,6.15557492580412,5.00723459045037,6.65774559718475,39.3652774144211,39.1672536274174,23.898794550321,999999.206889109,45.29793790412414
Netherlands,2023,3.83839354342808,1154361.30539806,64572.0059558854,3.537,-3.361514557253121,7.343742684744,0.0745607216494903,9.84754479203882,39.3157917907379,38.8015537669106,24.8408812672174,1144673.45827642,56.73485040295883
Netherlands,2024,3.34754304219953,911893.7751708892,66325.8907628867,3.599,-3.652932280937608,4.667329093195564,4.298344507068502,8.53398272421648,42.372528673213814,40.326542075825955,25.139118001077893,971323.7874094744,52.21618804927539
Netherlands,2025,2.871063572123865,1093794.0023744013,63390.936435752796,3.1190078812745936,-3.9696502640665163,6.732625534296551,1.8566245386169928,10.176092313703538,36.874997329992084,39.29106190677691,25.986657618153416,1024793.8892294632,60.655922943826
New Zealand,2020,1.71456170007245,212697.53089756,41785.6922905898,4.595,1.0987440852402246,1.95515165378657,-0.424906457573115,-1.12865212882116,36.402848240201,31.7365606478207,27.3768537037489,208606.894464654,46.1185059391692
New Zealand,2021,3.94112060778728,253644.079784977,49624.1816729553,3.776,-1.9180515942126326,4.57816245517681,4.54624763852878,-5.83652013150899,33.6507867705769,32.8294404066466,29.0601312027406,246933.088131277,51.369754769912
New Zealand,2022,7.17222476016441,246733.522841353,48216.5095836302,3.297,-1.0845145778891179,5.58708755877011,2.7748426484212,-8.76545636261221,35.9255939135397,33.6102947082101,29.9338565180745,239404.00080312,54.5666722344428
New Zealand,2023,5.73316283034957,252175.506110168,48280.8114166238,3.729,-4.136818799391623,4.75854916721366,0.733302171674978,-6.76716667289858,33.06168105445048,31.474671830190466,29.34192650638919,244146.718394277,48.60749931074876
New Zealand,2024,2.92279782301957,253315.0223842726,50886.210937642434,4.869,-2.6509210072414935,4.274507476828205,2.185471032515132,-4.286267190144723,31.8191168214493,32.70517768393854,29.328100669148608,243834.11564970788,41.85770582603868
New Zealand,2025,3.0149698534267135,264636.36150311044,51855.43194288561,4.116178270491438,-2.4029814334487485,4.348149502446095,1.5286428537070045,-8.981305985534,30.245719145810884,31.984345830002457,28.838979067791772,261595.8869883728,48.34681641151156
Pakistan,2020,9.73999313898155,300425.609817981,1278.39735206896,6.127,0.739692508004723,9.9444982105729,-1.27408744338709,-0.216650637871501,34.46926940579386,26.56788003021216,16.46942285426004,294966.609817792,87.51968428540613
Pakistan,2021,9.49621056124947,348516.64744514803,1455.31922370186,6.338,-1.45225942307802,10.2673420806694,6.51388575852702,-3.52439577565177,27.97126043758492,21.697271474374723,14.87610959527846,344116.64744514803,61.65801853509364
Pakistan,2022,19.8738599646655,374890.29566669394,1538.3228133171,5.485,-1.5626748854585362,13.9370112392938,4.7781068690358,-3.25858181478804,26.886129432730343,24.796274923861763,19.641575903348098,369642.29566662596,57.902032433928966
Pakistan,2023,30.7681280657005,337912.301397727,1365.27743222493,5.408,0.2989501653466293,25.9997683355601,-0.0396925228069165,-0.244214768763813,32.38911334004202,28.816000380842922,17.80840446466437,332147.301397546,62.6442693784114
Pakistan,2024,12.6325318530452,432479.3021322557,1550.4948361403158,5.472,6.705792021278509,17.20974077649429,4.8084537544903805,-3.530281190754765,20.79302920934328,17.47177242382016,13.474224690634879,409445.33064321266,88.41772321451772
Pakistan,2025,13.278008519756435,371026.1423453711,1689.3418586199841,6.051733114021649,1.977592860300703,2.332686104899601,3.7783389931833353,-2.560128208697256,31.43967057483419,23.67088565800378,18.83707258190866,427915.3239036817,87.40548650027877
Peru,2020,2.00241205759292,201409.694755934,6133.32552410183,7.179,8.888580606911,3.71917119669504,-10.9333065010382,0.938341730002029,26.9065402747666,18.0501223065786,13.2210909618819,196052.808902926,34.7649150438361
Peru,2021,4.27166381536798,226354.27828088502,6826.9720069846,5.097,0.814299824349344,10.0831018285055,13.3552295093079,-2.06502617018971,22.8441909229558,20.6748661939378,15.9225447315513,208856.00355000902,35.2452537131848
Peru,2022,8.33370630096231,246488.757636211,7363.27206939639,3.85,7.47452596171798,4.76646193670118,2.72550021563363,-3.9528164279387,21.46577313490303,19.65581056141725,13.553320321309922,229767.512928334,30.60868165906957
Peru,2023,6.45561348369586,267603.248655253,7906.58502858,4.899,5.656066684937232,6.56634363134418,-0.55018230632048,0.829344941528944,27.52070698044694,18.597487070929084,11.612271984019188,253422.83535613,38.4269044241818
Peru,2024,2.00770739412712,253073.32841540378,7067.075061904172,4.828,0.3604172431508452,3.325090677606033,2.082153426096969,1.0960719733008932,25.084632221831956,17.689955166496034,14.531413220779944,231498.4759181187,30.609894167355858
Peru,2025,5.540470624944682,262932.45163255424,7225.108568840801,5.621133434689712,6.616623327802258,1.992991265596646,-0.2610578324662852,-1.6678971129709437,24.656948954339306,18.4653618920895,13.377062813737917,235388.44668066895,37.62173286072809
Philippines,2020,2.3931623931624,361751.145451597,3227.57910235199,2.522,6.417437307939036,1.6504901854719,-9.5182947406494,3.20065009232564,19.5603029244639,15.9052544996477,13.9509857073772,389165.789740532,35.13950010263096
Philippines,2021,3.92718022100332,394087.35984811,3484.38593882819,3.398,4.677437990528986,2.2824784602486,5.71473313426225,-1.50797765976295,19.1392292224505,15.4805124388839,14.1300039313539,408104.073652169,35.08696805114091
Philippines,2022,5.82115811213955,404353.369604631,3548.06930572116,2.598,6.863133259694962,5.48864820202009,7.58098212785563,-4.51605763317135,18.6068893324404,16.0827426789485,14.6190058206626,428113.122133855,31.875492651819943
Philippines,2023,5.97802515541409,437146.372729942,3804.8725797521,2.222,4.696584958470643,4.59648506190769,5.54585117087767,-2.83353281449545,16.8770861651743,15.7187829817515,14.1015072518775,485154.56716865196,32.06886903384782
Philippines,2024,3.21260487006347,445535.33979684854,3691.0045162366655,2.153,4.794795250148111,0.20838814679394702,3.0268551938263757,-4.461119394183852,14.804719139413928,16.385666714182467,14.391430247966813,489556.98737682507,29.65696029625018
Philippines,2025,4.623568296418638,462920.16164633376,3947.489983171042,2.055577035023162,3.714175055559178,2.12127427387334,-0.5551157697084523,-1.227930387368057,18.022009807650033,16.35923008134876,14.955296722282098,468911.86215893255,27.941174625629525
Poland,2020,3.37446972618589,605914.2379037419,15987.5753654045,3.155,3.996785325722466,4.23859434856777,-2.03556882399977,2.39835922164097,40.522296880667,34.7081923171819,17.291144093996,583489.675593182,55.11938912466288
Poland,2021,5.05502704719272,689170.23066535,18635.5104895754,3.268,-1.026593492518946,5.34023602800748,6.92718266052501,-1.30156521580162,36.9985474454804,35.7886364097481,18.9590677200004,658886.045351756,54.033238508361876
Poland,2022,14.4294507575758,695607.470875276,18891.2121169279,2.811,-2.648372498805414,10.689577427514,5.25545697386036,-2.27455866454271,36.0632407243175,33.8091813534998,17.1225309189416,668250.895914937,56.753396095585195
Poland,2023,11.5289127961105,809200.6977970881,22056.6661704127,2.743,-1.600757007708316,9.54718862520608,0.138832754787188,1.79621693846398,39.2552938167515,36.0388169131676,18.0711486619571,778230.8302214079,62.090745866418274
Poland,2024,3.7842600751287,786205.3765406742,18777.499335859757,2.472,-1.4319060915766113,6.32476743782815,0.18328101499524552,1.211752406193514,36.25177170154249,35.06440480490767,18.75777929645483,696898.3785283368,52.21618804927539
Poland,2025,5.319147015004393,801963.3717711665,17470.575404308845,-0.24442212900045635,1.4302519176843635,12.293545914989839,6.096500895877723,4.397416106336408,40.85072392537879,35.163721075626675,18.643413579077034,718986.3171617998,51.638805004662274
Portugal,2020,-0.0124383299575305,229618.77342257698,22299.4044062173,6.801,2.415758427815073,2.10314342298463,-8.20463206255478,-0.629832722737585,44.5273320079934,37.7665912618546,22.2595830862446,225467.491361699,95.70986285266771
Portugal,2021,1.26565719069044,256055.879091139,24711.4510062111,6.577,17.8077771803472,2.01977632737365,5.55875752305435,-0.672210743652409,42.4539286342892,37.7052925940193,22.2832932193953,252978.982539953,81.56233059047572
Portugal,2022,7.83269124233323,256898.675068927,24620.519556875,6.011,21.45111961227331,5.32749894377305,6.98584193827881,-2.08477768135412,39.3111765510363,38.0831326873869,23.1729319243708,251691.706536851,74.42518561278021
Portugal,2023,4.31128191898672,289114.289663542,27331.2094945255,6.509,23.933355731762624,6.90236590321598,2.52628110806764,0.561731143094815,37.5720219836965,37.7731930829814,22.8699241808978,281752.85606390506,66.47056631840587
Portugal,2024,2.41613187791884,248100.34833556393,26153.55624000768,6.384,17.433594789585545,4.136630642457681,7.673850783031133,1.818641694671171,40.52741358108208,38.01587595644886,22.985107725682557,261562.86301298597,78.54161135613582
Portugal,2025,3.7474799313596936,239974.88182910968,27355.487166032002,3.8646383999065828,19.7279476032816,5.3423500401646224,8.331986159333178,3.507620244812576,39.246151184835,38.12777522684493,23.151460079601637,255468.74773089393,47.29699248553341
Qatar,2020,-2.5403150300476,144411.36334527,51683.5054353851,0.14,22.5995235529319,-15.100420309421,-3.55760399909477,-2.06750647355623,34.606665319689455,30.575657066392942,14.065048054733811,141366.857857143,87.6880788411103
Qatar,2021,2.30446565742003,179732.009554846,71751.8831234838,0.14,-15.200091892697,22.4660221244491,1.62684672468288,14.6435967830201,32.514974681824974,28.896666979492657,14.973672508602345,176969.097472527,82.00289955558932
Qatar,2022,4.99527553740761,235709.325708341,88701.463350036,0.13,-16.9330145753116,25.8769173658359,4.18500971344966,26.7778361985376,37.0466443293622,34.71806199024681,23.105954697362407,227481.667472527,76.90729661274614
Qatar,2023,3.02764899198902,213002.809330267,80195.874646942,0.13,19.1951159448205,-10.6934814488438,1.18715991184813,17.1136863386523,33.35792141956007,35.5141768837624,18.572713335560394,206928.908231366,74.76840958714703
Qatar,2024,1.26734310292375,146205.83103520295,79254.07975355645,0.126,14.738971583558317,4.762034492799918,-1.7330227380489625,15.949170814016895,34.203820816410676,34.66600782408135,17.898031874776027,199516.72686719662,82.40135409939208
Qatar,2025,3.7691841095564467,239686.3585523824,72844.26208832813,-0.0656637764138783,9.235577252099237,1.1272826057855818,-3.1877165161788454,4.599929188105632,30.578599040911065,29.645973155247738,19.892488453874186,168518.0316514072,84.38657900171324
Romania,2020,2.63107311184743,252033.792712145,13082.3006559554,5.035,2.28207952392105,4.11051645013276,-3.67438440910189,-5.11170596373103,38.0029756100571,30.0013350418379,14.1465071921172,248241.836530323,57.1432591512537
Romania,2021,5.05232876096582,286578.196368297,14986.7854904274,5.59,0.0030716317842362,5.61025509902417,5.5457096259051,-7.17641506065995,37.0004968611526,30.2120181352643,14.9237413745441,280850.52599294705,55.763127232688
Romania,2022,13.7954887432521,296354.358293475,15557.8826247584,5.614,-3.86724262232895,12.0919624576312,3.96530766311717,-9.22066575659504,37.1727949908237,31.6111842815503,16.1575659433589,287401.14258900797,50.8849084169995
Romania,2023,10.3971874764996,350775.85641518905,18404.2730871704,5.589,-3.05841844463584,12.7699377919606,2.40427177912809,-6.97326015106598,35.77579925828927,29.954275217344872,14.30569064383499,341406.88717399404,56.76340948434465
Romania,2024,-4.5191101423114,297027.0424184523,16207.103897144869,5.379,-0.46200128525253925,9.73648817824317,4.819259399480862,-5.599924840534866,36.544958332292154,30.579768504921578,13.98070916498928,284075.9458468444,52.71342836341919
Romania,2025,4.131469352806566,332976.1576205436,17164.559468526335,4.132516314538683,-4.819119332621293,12.883705720313834,3.727249722754898,-4.799189108335589,35.76326914647046,28.884505481790747,15.053988113130083,282639.6672426886,58.78172822509022
Russia,2020,3.38165937237898,1493075.89436214,10108.3271484375,5.62,5.8252621205664,0.898246027195242,-2.65365450102773,2.36911533657246,35.2998185923772,27.6767173115632,10.7991196203537,1458071.18436237,22.992021036968
Russia,2021,6.69445891957612,1843392.2937343798,12521.5224609375,4.749,-10.2423105030022,19.4115890615904,5.61429037578345,6.77842857565971,30.5455761442173,26.3708632811249,11.606494475109,1800376.27453251,20.8666992191571
Russia,2022,4.325371803832555,2266029.2406453397,15445.2421875,3.867,-4.50335865315288,16.7152740606271,-2.06971152527731,10.4912490569379,31.7525190243487,27.3083642947007,10.9703387752924,2219007.32064576,19.5062376778091
Russia,2023,1.6015962995862627,2021421.4760354199,13817.0458984375,3.076,4.24838463209547,7.07360156603734,3.60000000000001,2.48008562206929,30.3377520345609,29.4453325952277,12.3719261393058,1994504.88603541,18.9616724306898
Russia,2024,1.6711072019053588,2401359.959401182,11936.961233033267,2.527,11.168929114763374,12.603385851247147,0.8232609077472606,2.9527526729742783,34.35630560703571,26.18730209529278,10.928408184606758,2018014.2650814503,25.3348621798568
Russia,2025,5.040129520366007,1369518.7415391658,9113.033163959037,2.3841268261811774,3.748554856622243,4.096168128096938,0.1308176179344476,3.984264317681803,33.891566938352405,30.53754925791232,12.43834876889235,1768736.6924104926,25.58181355509688
Saudi Arabia,2020,3.44545825956692,734271.2,23271.4037647084,7.66,3.6333599152384837,-9.18456817699072,-3.58153486307663,-3.47926474073661,33.4352754724405,28.3940139101988,8.23747102959451,745486.551306667,55.119389124662874
Saudi Arabia,2021,3.06328988941547,874156.0,28396.0864182336,6.621,0.8433835891426117,13.3007001530628,5.07511034987979,4.63688719545091,28.1174592471214,29.4527337475459,9.67348884669067,887051.48096,54.033238508361876
Saudi Arabia,2022,2.4740737192537,1108571.4666666698,34454.1957708412,5.589,-2.50966696005689,17.9839455619021,7.48598429134137,13.5628144844014,24.5564116852309,30.5056555296342,7.77202251312307,1118179.99349333,45.29793790412414
Saudi Arabia,2023,2.32708518362692,1067582.9333333299,32093.9622984711,4.008,-2.3617135824314106,-2.96488667496891,-0.754914810584665,3.29091687721662,27.6447464547199,30.2812284416499,8.90827834777226,1073418.44536,56.46506081927504
Saudi Arabia,2024,1.68792112375817,1135516.4866746175,27388.62386732622,3.896,-0.36396049769095074,-8.14464416642956,-0.38667608904974915,6.846060320292882,32.45299587356323,29.184043367644023,9.551773350897871,1013498.0086988168,52.21618804927539
Saudi Arabia,2025,2.917196163899513,1127247.401910273,32585.52746060356,4.712196538805009,5.6733798654086245,-5.826701155931274,-4.471255184883811,-12.67556356992514,27.448619240256793,19.496499820500528,9.472737806865501,1100675.7554512762,69.15362788854003
Singapore,2020,-0.181916666666634,349488.38261066197,61466.803676358,4.1,7.88077029037357,-2.43859056928547,-3.86979893430043,17.4848519172132,25.72187235996,18.0524117336083,12.7315446821269,301827.008237772,151.566324742808
Singapore,2021,2.30485959040484,434111.559282849,79601.4129622433,4.64,-4.54706641979064,10.2637667092318,9.69076687082064,19.9108522556576,16.3755096469446,17.2288553319936,12.8128979341856,369181.671818698,150.141912840552
Singapore,2022,6.12106004039418,498474.54098778,88428.7024226232,3.591,2.797281688256196,13.4781380113655,3.83807678519807,18.8115123045876,15.1357776721242,16.220527796295,12.0331929577548,402947.12211143103,157.363109274773
Singapore,2023,4.82146729476466,501427.50008005905,84734.2559206054,3.444,1.7964586178620614,-3.06902994364776,1.07503175095101,17.8297603314757,17.4419313013187,18.3600303311543,14.0060490127897,420675.068720039,177.001669924649
Singapore,2024,2.36645846996694,476907.3132289619,94265.90957575347,3.182,4.843821341862517,5.807929393256887,-0.059886691605852915,14.594094084181533,15.477098786848318,18.05241901656942,13.204658592264948,399126.56704639504,168.30699455868276
Singapore,2025,1.6462434596270468,472292.14811822784,77838.28071728564,3.701383285519818,-1.348336779312476,6.1016228312026275,1.077276157653525,17.20419623467538,18.010931047922202,18.453269092311636,12.606259098864001,416389.2059912402,177.0826008514801
Sweden,2020,0.497367318853572,545147.614972141,52653.7565934247,8.291,4.422435537017753,1.79366288715698,-2.00533750353763,5.7975833223945,34.8791012428256,32.2525810708591,26.8222445905957,564371.2913388781,44.1780067548593
Sweden,2021,2.16319736447153,637186.904843636,61174.9680215622,8.722,-1.026593492518946,2.7406333444759,5.9375085730744,6.70313387861944,32.9123112765962,32.497937739118,27.3986454587442,663252.463172592,40.6550853120913
Sweden,2022,8.36929098869189,579895.717343956,55296.9371472535,7.392,-2.283060457757732,5.78193714856063,1.45928850757269,4.72576156484506,32.2346800481688,33.2892542143838,27.6047528383889,604826.974545303,36.9103515627997
Sweden,2023,8.54862489748902,584960.4757673199,55516.836477474,7.611,-1.6059026316243354,6.14906969650426,-0.310670184725893,6.97807095420788,32.13764842944532,33.71223757524795,27.516791682114846,606603.219320577,36.73247256536051
Sweden,2024,2.83581658224034,588008.9680464201,57256.23955936139,8.528,0.4904709187889916,4.719979217928415,1.8313713213475002,4.110415327992532,31.643017388596643,32.903506312010464,27.638802835742567,602530.2321007145,40.51409417919185
Sweden,2025,3.8353002131530696,653348.5430105305,55234.01249824418,8.34470825270906,1.7949993360942886,5.034736722230414,1.8446112458527193,2.084425868324145,33.09493920000662,33.485734656833884,27.117612291887838,627371.4022377098,44.095946558002986
Thailand,2020,-0.845937147357041,500461.89848024596,6985.64393892574,1.099,4.65169004750105,-1.29877505741581,-6.05003846851622,4.18282861454669,22.8313574596558,20.0658736840342,15.1931521641962,489367.035950047,50.3227814999415
Thailand,2021,1.23039541318384,506256.49429734005,7058.0694998852,1.215,1.26649715668653,1.77107226345396,1.56818176501186,-2.11799444006618,25.1299250580277,19.2036267455152,15.0614176014876,488672.219203916,58.5043086154828
Thailand,2022,6.07741228434321,495645.21097275097,6909.35997481451,0.94,-1.55455679699823,4.76699578735654,2.46276934050356,-3.46252016627717,22.2320213670538,18.9768224634158,15.1390339194536,481390.36090971803,60.3498576793725
Thailand,2023,1.22802623546169,514968.699239005,7182.02525812415,0.733,3.02863861230229,1.22023811822058,1.88725725050934,1.43923468240437,20.8042772114191,19.9572776916637,15.4511540704751,503339.156913529,61.2356482560744
Thailand,2024,0.7709143684476709,506182.18619751773,7356.794945597512,0.693,2.54753145065675,0.5945247051847428,-3.490010778773723,5.631692709793152,23.956657287442507,19.998005563821042,15.087708210775002,514617.7301448035,54.59660714135685
Thailand,2025,2.312624665608774,547853.7034989725,7455.570685707697,1.0453528634182787,3.2552224799764335,0.6828095197686046,-0.44176509527109786,6.910165465991625,24.332671586633424,19.466921377338018,15.517197621405964,553815.4891026792,58.999554661174635
Turkey,2020,12.2789574462574,720338.490327248,8638.73903848102,13.148,2.9196620328510963,14.7893415893496,1.85987303976462,-4.30020058846608,34.0682450532239,29.6352632305255,17.6637230256171,711744.4898235811,41.801640624815
Turkey,2021,19.5964926913324,819865.223976115,9743.21277804855,11.969,-2.079628793272488,28.9730004765532,11.4393956926566,-0.758783250962872,30.9404133076921,29.8724797116006,17.8636373659083,809183.2245247901,42.575722383146
Turkey,2022,72.3088359891207,907118.434653505,10674.504157865,10.465,-3.2829624814660945,96.0361986700836,5.53342787492781,-5.10220035575386,29.6704625002631,25.7586435753188,16.0920714893319,898339.4344323421,35.2457946156302
Turkey,2023,53.8594087593315,1118252.96426077,13105.6585678319,9.388,-2.187676902816059,68.233934158098,5.11116818488702,-3.56600887942747,33.7067629104,29.3503045222418,18.5354068684926,1107012.96420348,33.1072230203582
Turkey,2024,58.5064507300343,907617.6804975853,12951.794917579711,8.449,-0.36396049769095074,41.65451763832438,2.7930383662017784,-4.128922016092753,31.701757726945704,27.385285800621812,16.65111185013936,1052186.3492148349,24.077017695952605
Turkey,2025,39.31442113864287,1081827.6004759765,9831.813063317673,8.622402637940048,-1.4318856799830648,47.53760587588273,5.252794001402352,-1.091781139260368,30.297460375613582,28.639994694296693,17.189787258787543,776107.8592678072,43.8715873188721
United States,2020,1.23358439630629,21354105.0,64411.3731779373,8.055,2.18628189883077,1.32883273821459,-2.16302913866514,-2.81541652061746,31.8281473281133,17.708696290479,10.1534220235407,21458070.0,124.514696354635
United States,2021,4.69785886363742,23681171.0,71318.3073592183,5.349,-1.25852158930471,4.56598550261971,6.05505293304576,-3.66529172058257,31.3034760823272,18.808352424802,11.394678497951,23832230.0,118.400948162572
United States,2022,8.00279982052121,26006893.0,78035.1753604212,3.65,1.8291931025295536,7.12948085421044,2.51237531983308,-3.8916721040072,24.658458048026,19.9277753017248,12.5989036829582,26231750.0,112.817613391957
United States,2023,4.11633838374488,27720709.0,82769.4122114216,3.638,2.643208904718006,3.59839135378053,2.88755600906016,-3.26607086420481,24.5133766239529,17.5921957840256,10.6459127722888,27576136.0,114.755553330184
United States,2024,2.94952520485207,26949503.111722786,78318.49372903454,4.106,1.6485003741294368,3.5527261151304086,0.6289277165898941,-2.8145380713615467,27.92661408194406,18.185105129096222,11.120064147768494,24911517.874605,116.28511907617157
United States,2025,4.96152224273425,28971882.797765516,83171.78505838453,3.2696995113339358,-0.2556274197326982,3.3096662891609365,1.2084890870863316,-3.118766377611827,26.799865297758497,19.31756720708523,11.147229412169883,26154836.79532877,109.7951537429727
Vietnam,2020,3.22093436652514,346615.738537796,3534.03953482647,2.103,6.09064299683403,1.46747814810814,2.86541320912272,4.34486906553373,23.179523798150136,16.493282862787666,11.815623922868184,331798.33538968203,83.11893247568159
Vietnam,2021,1.83471554810444,366474.752771009,3704.1935590038,2.385,4.79218047283212,2.88076792900642,2.55372852648131,-1.26284279203588,27.4773628422164,21.6679211889411,17.07028678542672,347725.57676919096,80.53377565666645
Vietnam,2022,3.15650749963129,410324.028883325,4116.38576094153,1.523,3.80782672842234,4.05124231712631,8.12351446767343,0.341681183969525,26.886129432730343,24.796274923861755,19.641575903348098,390409.525932523,62.96933089859668
Vietnam,2023,3.25289282667662,429716.969043572,4282.08851724506,1.645,7.27803256328136,1.90623130183931,5.0464307361882,6.01163134364857,26.138522451753154,21.022293632862585,17.08773081280633,407253.969043888,61.37266230034461
Vietnam,2024,3.62109273885843,443985.10666347324,4330.132224422533,1.431,3.9309087771364553,-8.453786133211175,4.801343457695386,4.541197961136698,20.79302920934328,17.47177242382016,13.474224690634879,412961.9324663167,88.41772321451774
Vietnam,2025,-7.321362108444166,453020.6837767429,4504.34814406411,1.5851464533746096,14.772517138045218,-8.990532726156056,6.691284831059711,4.021877734785415,23.919208692821535,19.41856993286539,16.01897047605853,420451.8184234727,88.93469174693367
South Africa,2020,3.23238831615113,337974.655408055,5580.60383075189,29.217,2.19841383909371,5.3913943350576,-6.1689177146757,2.00352275153333,37.8354162011745,27.8138753889078,23.2649440409195,332348.812405049,75.7255090793216
South Africa,2021,4.61874544887136,420886.877628703,6843.39941886204,34.007,0.472106500505819,6.53869058287115,4.95503259440756,3.73044877034516,34.53100888431,30.0652667080962,25.8946273252854,412864.533620666,73.8065091009354
South Africa,2022,7.03987272546482,406920.004594074,6523.41097815853,33.268,3.61854067499116,4.99247138395964,1.91147996033504,-0.461509368787066,33.4798352578178,30.273151278645,26.0054597822428,398453.691164869,76.2372383337531
South Africa,2023,6.0752438457966,380699.271814508,6022.5425418935,32.098,6.3887935898176,4.80427142532388,0.698485194788034,-1.6136668878188,36.759522464156454,30.832522133551617,25.87217696832748,375533.19078056596,81.83103458411327
South Africa,2024,4.36115246518962,354797.2051745494,5762.514432658164,33.168,3.2260585366379813,5.652406167657997,-0.5826321480665143,-0.6688516475806341,39.06390183999508,32.80106127547719,25.849707035348985,345421.6352674971,85.08757335343714
South Africa,2025,7.007557996024362,369994.9876569443,5745.715371613735,33.75898174264015,6.093546978546259,5.906924108154202,-3.2810325657131894,2.7914530266440982,37.32608365383594,29.68204443168779,25.854062649310976,362930.9367453361,90.4705281104284
