country_name,year,Inflation (CPI %),GDP (Million USD),GDP per Capita (Million USD),Unemployment Rate (%),"Interest Rate (Real, %)","Inflation (GDP Deflator, %)",GDP Growth (% Annual),Current Account Balance (% GDP),Government Expense (% of GDP),Government Revenue (% of GDP),Tax Revenue (% of GDP),Gross National Income (Million USD),Public Debt (% of GDP)
United Arab Emirates,2020,-2.07940317940944,349473.015336939,37173.8754100281,4.294,5.17182691073827,-12.0313052945464,-4.95705243652739,7.050788236366638,5.25917164743154,6.3654969980708,0.682088274465819,347594.186201473,78.9489483460674
United Arab Emirates,2021,0.179935336174431,415178.792769884,43360.0211014806,3.105,1.5057632993430103,13.8437703394455,4.35475529921305,0.5419040474439677,4.33677211641606,4.38523522633654,0.535243668683573,414443.598760354,83.42243656250588
United Arab Emirates,2022,5.29122604376849,502731.935197487,49899.0652978649,2.872,-0.04160630456144458,12.6298936875673,7.50969703221836,-1.4107768205844717,3.87547095261528,3.26816549077142,0.578507736753989,502786.394013008,84.66545117930477
United Arab Emirates,2023,1.62670837213248,514130.432653081,49040.6947525825,2.151,2.9844889563158072,-1.30420016236501,3.61870653547174,4.276644365039428,3.83096429012033,3.73928724969069,0.626855998829095,517969.779147295,77.06097187492685
United Arab Emirates,2024,1.668981258745642,480872.1235439231,51515.14837315749,2.133,3.2965082142357724,3.032014018325575,2.1804779805322685,1.644457855355703,4.189116177612512,5.068306299779845,0.7092959074812305,487981.9431033735,86.16355513982367
United Arab Emirates,2025,0.5729966406278895,548251.6297171476,48849.210552413206,3.978087055482901,0.13456527361511011,2.4622484653512458,1.7443516717412808,0.9545121850287647,3.9064049901465148,4.44481030589648,0.498611114797072,518301.2314934276,81.96945260132517
Argentina,2020,2.087070898504938,385740.508436965,8535.59938004389,11.461,-7.63517421630372,40.0830878011993,-9.9004848136464,0.696935361136032,25.8405307644744,17.4787021945702,10.8658963820494,375344.05734193,85.28143419211476
Argentina,2021,5.601152517330291,486564.08548003604,10738.0179223384,8.736,-11.8618379621172,53.8020877665554,10.4418119882506,1.36154422203441,22.8967901577179,18.0764987503097,11.5000669715845,476802.271007631,82.46993095094342
Argentina,2022,8.573452483692488,632790.0700631241,13935.6811110049,6.805,-10.2880388707095,69.8760842459268,5.26987967384072,-0.640820188045601,21.9065121206432,17.9272315382489,11.1228688536464,621165.221747635,84.66545117930475
Argentina,2023,5.173029638358905,646075.277525125,14187.4827252965,6.139,-16.7714229097284,135.368876310592,-1.61100162090189,-3.24351254822955,23.220508107108152,15.75778546769106,10.117152368563312,632729.881149353,64.38481110157537
Argentina,2024,4.357470769143674,639417.1899164802,14345.693829359827,7.876,7.9062707380717505,85.13321795918782,-0.48263263733532624,-4.17294051739948,19.899800276238942,18.190499728487012,9.820368030445351,671598.5575662247,61.724977012970456
Argentina,2025,3.883497735284353,606901.91900705,12663.178458943707,9.97493173642312,-2.350568059511601,106.60613687102804,-1.2933272871380266,-0.9417303793465729,22.35973545276859,18.038632768529755,10.162894745346096,622118.7885678607,68.00836175839206
Australia,2020,0.846905537459305,1328414.0583783798,51791.540179984,6.456,2.1516692103941,1.88550119010648,-0.119590735829973,1.87433748291951,30.2551947530937,25.2824521626533,22.5909248948989,1298368.82965052,69.3215748590956
Australia,2021,2.86391042204994,1556735.77043726,60607.7788605166,5.116,7.583195821913608,3.0799498600023,2.11116814768786,2.61066078948374,32.6329859403151,25.6932278976825,23.0612679317794,1539273.61555495,70.0109117652417
Australia,2022,6.59409671341846,1690858.24699443,64997.0136536475,3.728,2.3742112175784102,7.17553361510235,4.24238555336139,0.337521409077968,27.6611156622091,26.2050551660302,23.6279512463691,1626539.96936568,58.0466964106785
Australia,2023,5.5970149253731,1728057.31669561,64820.9117890026,3.668,-0.8798110834267727,6.51199894950456,3.44199220009025,-0.300085449771847,29.021293141931597,26.391334725981793,24.533191729586566,1653703.10543957,64.43076100570757
Australia,2024,3.1616142830575,1487487.4020299464,66298.95901146963,4.072,3.2987216101666688,2.6251537198632504,3.393246722144355,1.2323111866805208,29.63608916329644,26.924179816134014,24.736981335008508,1769265.9778720504,79.60278665505493
Australia,2025,3.779492715588714,1416570.187722951,62009.848979411625,5.01319771321149,5.140597983164618,1.6452794345761097,2.7866671151900255,0.8797227836785095,34.66232314349949,26.711318096828126,25.025719796746564,1572693.6998632378,76.04890318603233
Austria,2020,1.38191063351862,434397.601557696,48716.4098900349,5.201,1.7982485587436734,2.59313274910787,-6.31825528670208,3.3513779974929,51.1591725615403,43.7622339600816,24.666005775658,439547.216701013,101.667208235561
Austria,2021,2.7666666666667,480467.03733878303,53648.7190742245,6.459,-1.0563520611591442,1.92612910926519,4.79532910551458,1.71589946789047,50.0215856914731,44.9092836748603,26.014817481271,486755.82842014695,96.0278211815402
Austria,2022,8.5468699318845,471773.62983038096,52176.6649141178,4.992,-0.04160630456144458,4.75477834804261,5.27789421203715,-0.829086609771728,47.509529668642,44.4008134730886,26.206863593528,470636.395218873,76.2214007403381
Austria,2023,7.81413417002832,511685.203845001,56033.573792065,5.264,2.9844889563158072,6.64765341628686,-0.954962366849259,1.32556377170149,46.4788740013619,44.619722844981,25.8904950501971,510079.146471293,78.3363673054487
Austria,2024,2.93791574279383,500821.74993972236,50585.75175063687,5.439,3.296508214235773,4.641954203386392,3.7874181148746793,-0.17908078585862008,45.56068687253026,44.2062980032914,26.39501523626151,491133.20381318923,82.85547689715337
Austria,2025,4.724330399214088,494225.13943541533,50034.560708715,5.454616052602828,2.029090944143949,2.2167427154556907,1.005490205209833,2.422366562518115,47.102774953537036,45.272398296996954,25.047403215359367,498206.20907056506,94.13784676172772
Belgium,2020,0.740791812220344,529694.473501791,45906.2875805246,5.545,4.207414706670068,1.59611666393067,-4.79298389726264,0.874586400402743,43.656605302545,37.027335149107,21.8615640422477,531671.614966383,118.442409069939
Belgium,2021,2.44024851144084,598494.036474409,51655.7883303715,6.248,-1.2074744670809383,2.7426355945688,6.20255401586081,1.86556031631373,41.4137731234457,37.8545687233313,23.2260892385962,607143.534636037,108.445297214838
Belgium,2022,9.597511728725,593438.820508173,50807.2047084918,5.57,-2.283060457757732,6.84397975156924,4.2334318336917,-1.18476181705959,39.5799899067259,37.1371088235231,22.7079147026069,592448.849483465,92.4825366392405
Belgium,2023,4.04901077613941,644782.756682756,54700.9093236712,5.528,-0.4956878731544325,4.508102848783,1.25170063203595,-0.698394105629197,38.42302500232666,37.44773792850476,22.765785487513693,648332.6119273299,113.62086605789158
Belgium,2024,3.14349136500041,732241.4719298712,47392.31786594778,5.488,3.740053293311449,5.500164485528932,-2.3727224057633487,0.23376727192150024,38.96832295483644,35.14669865325466,21.096198917107202,581926.0330924746,111.93166020690987
Belgium,2025,2.961901401161816,604372.6462415695,58545.49590687295,5.161731576395811,0.13456527361511023,3.307798646834476,3.51670791312017,0.8048442558805995,37.0601774327768,37.154491925647214,21.99042779069986,653709.2499932286,107.67302456469913
Bangladesh,2020,5.69107474746211,373979.442362193,2248.85078828233,5.436,4.2891862514626,3.84106338588026,3.44801755122445,0.31894044196432,8.14832024557625,8.64089809540505,7.00153674405437,389459.167662235,85.28143419211476
Bangladesh,2021,5.54565430773473,416271.647911014,2482.84917843357,5.327,3.07621573507077,4.1211747067957,6.93867912442445,-3.78969259910934,8.3242513417429,9.53881335234034,7.64236301017901,438182.167775955,65.09491571749206
Bangladesh,2022,7.69695437176898,460131.688909301,2716.48592677835,4.593,1.9724805729144,5.04902187883131,7.09982877575158,-3.81010813185136,7.570583002867336,9.233181684713003,6.1838379887638135,478360.553569206,60.82811275164073
Bangladesh,2023,9.8835030377921,437415.33104099403,2551.01772674142,4.454,0.629461237622801,6.89712404003441,5.77511237007889,-1.64602615306365,7.359502511083488,8.606984379767788,7.371212487105525,454873.454272724,82.5037563656306
Bangladesh,2024,10.4657482763412,464824.24869387166,2974.8973441628923,4.68,3.9417586860081446,19.037853277176108,5.483710607726734,-2.411485805486691,7.353796762706786,6.561084454650368,6.423497821822248,552419.5836825157,63.34816094538509
Bangladesh,2025,8.651940800746454,510973.25434596284,2968.3902811794965,4.948517733099914,-2.2380935512933804,4.488519202046738,6.788352070196567,-2.792570802532133,7.000813218060828,8.195402667403442,6.914821451604165,558058.6010270711,68.00836175839206
Brazil,2020,3.21176803803376,1476107.2311941101,7074.19378281866,13.697,21.1971796870516,6.47249960755747,-3.2767587964736,-1.68778805337408,38.4811610303133,25.6990311015294,12.7193878571982,1445311.1404861,98.7098819546545
Brazil,2021,8.30165975585673,1670647.3990346699,7972.53665048385,13.158,15.0108849661413,13.047270877833,4.76260437908608,-2.41876568208583,31.7938785430396,27.3268878276443,14.1366751318622,1618525.2276388102,85.0115036701985
Brazil,2022,9.28010608956873,1951923.94208332,9281.33334441234,9.231,28.3960928277404,8.5702819532232,3.01669435393015,-2.15975658541159,34.134460976512,29.6160361326009,14.7258479184963,1897850.56334564,79.1023218878495
Brazil,2023,4.59356282283204,2173665.65593727,10294.866680778,7.947,37.2075093316886,4.65899475870381,2.90848048667777,-1.28505422213659,32.6916949165827,25.5746106904518,14.1546933435227,2107810.13224865,83.6989369386242
Brazil,2024,4.36746407652337,2162875.6930752643,9944.970878099984,7.634,36.134984132800014,9.232177587626726,-2.9895548126640468,-1.9713103427307563,33.088797548023166,26.581757825908646,14.301953678879835,1252108.804252374,94.38607457496238
Brazil,2025,7.6479444559995695,2255878.036728153,6429.063010652064,12.328658579785786,30.962547473796697,5.2556070445888965,-0.6829720617246979,-1.3672199786279267,36.472917116448585,26.1962533283014,13.748231838461116,1766897.635105102,95.66339019018731
Canada,2020,0.716999632307827,1655684.73000019,43537.839298904,9.657,4.8862331555020635,1.07081026807496,-5.03823344128351,-2.01049352658992,28.5714736058033,19.0367507518489,13.5033320933869,1643688.33292087,74.5540471041546
Canada,2021,3.39519318527528,2007472.1814641498,52496.8441693242,7.527,2.8408731273236953,7.66486542253131,5.28695689105889,-0.0221263171245921,22.665638508726,19.0762231325207,13.2198942999607,1990214.50651752,71.0739602315819
Canada,2022,6.80280115341613,2161483.36942201,55509.393176404,5.279,1.394709946879712,7.65381992676227,3.81986633913397,-0.29227644014174,18.4965355496716,18.1633667923914,12.8260196517315,2133340.1051424,61.4178635753383
Canada,2023,3.87900159788426,2142470.9144013603,53431.1857063879,5.415,1.3878007292331878,1.5347101132531,1.24892730403391,-0.642444781908559,19.5378162882848,19.9426030551771,14.007586078129,2112732.60561004,62.2285228239297
Canada,2024,2.38158383281173,1815220.6682577329,50670.95120858238,6.45,4.453346731458572,6.977567887695086,2.5620244948430972,-1.2049750253632632,19.390786912755765,19.28515800072447,13.900549791868212,1955416.4908354054,51.6288378643314
Canada,2025,5.167124561252569,2182373.2373915003,47676.58482555641,6.484945762583362,3.6998110619255193,3.604706631594033,-2.7544916746232495,1.4660019590052762,20.49693090043489,19.64070617196946,14.041545933572083,2009440.2344230288,72.2591782411893
Switzerland,2020,-0.725874933313384,741999.406005627,85897.7843338323,4.817,3.35750961859024,-0.699187622738137,-2.14173720650054,0.375066944737831,20.0431954756295,17.8932165958268,9.34487114995366,716684.165061556,20.8521076737596
Switzerland,2021,0.581814168489856,813408.787222499,93446.4344518943,5.013,1.37651137331578,1.24619196669597,5.39188804141473,7.07340304784119,19.0110684890616,18.4759192533729,10.0936772612024,800495.604747336,19.9857790162513
Switzerland,2022,2.83502798644463,818426.5502064499,93245.7952120851,4.122,0.145920367675993,2.4971595038279,2.56832817834069,8.83701935773527,16.6721583115085,17.3936227798371,9.10068229044156,801895.036040353,17.8028338561752
Switzerland,2023,2.13540088016377,884940.4022304091,99564.710026145,4.043,1.82218673744216,1.02331402592833,0.716066868695833,5.3624904490089,16.9055901382913,17.2390835961747,9.1000541682465,860241.1130846291,20.0953886501017
Switzerland,2024,1.06234041976595,845667.6624668953,93850.87669522259,4.11,1.2998123922836966,1.3902860989752355,3.8917919486872807,3.488231036678173,17.124521412997936,18.426381853783695,10.198372633941045,768412.8661605293,19.09558393881643
Switzerland,2025,1.8656343838322396,843306.8881935191,95230.65205416676,4.280399439055202,1.9908862805020342,1.5773231918692332,1.5915365963779458,1.9446837717230943,18.129947132955344,18.2532508088756,10.650941546448642,771120.7907414,18.936022721603653
Chile,2020,3.04549084804326,254042.159309311,13114.815470545,10.934,1.2684674756195367,9.66572269693961,-6.14347479224092,-1.94941123362021,26.2421928843387,19.9382667510933,16.1961693332108,238186.960905052,95.70986285266773
Chile,2021,4.52456838259144,315515.014838539,16216.5706467899,9.281,0.7983847732741933,6.9147558846894,11.3339570691911,-7.2777100504384,30.7987584797003,24.1528969487593,19.6644047302073,297670.042257932,57.20232480129774
Chile,2022,11.643866711056,302116.53940903005,15451.1319576678,8.249,3.795949538994591,7.91378346570282,2.05874008095333,-8.65956531568217,24.0545547307517,26.0044134851018,21.2736151328078,287702.18274364696,49.07667473516449
Chile,2023,7.58168251407962,335533.331669219,17067.8136150601,9.013,0.18758493603867343,6.59951204566833,0.218780666901552,-3.54630560751511,24.5784667401599,22.9454869474024,17.7185943290551,318450.11606372497,61.78185375088721
Chile,2024,4.29763891572524,343522.02159236965,14701.61888783448,9.056,3.4413435277179754,6.107681271267913,-0.9553449923195363,-5.898591475654699,28.608995970287204,22.694596494237032,17.731923680903666,327299.3165635947,55.79355806802253
Chile,2025,6.036939054389607,334593.62750643684,17866.105816227795,9.03827490147751,0.2840120968571571,10.03128953279801,1.0972692797213495,-8.378060179632133,29.598645378855366,22.94789219850097,19.820635856948655,303862.22443010693,62.79445121843003
China,2020,2.41942189457782,14687744.162801,10408.7195541075,5.0,3.83860120447208,0.49249391805742,2.23863835634639,1.69417196526513,29.989918222330537,14.0860868384369,8.09062621607631,14570138.553468,140.99936442938255
China,2021,0.981015135544882,17820459.5088522,12617.5051041181,4.55,-0.193517050835666,4.55232657897571,8.44846941687277,1.98022814428178,28.78435290618042,14.9369703981745,7.96512804614377,17696312.7196492,136.3344545046312
China,2022,1.97357555739051,17881782.6837073,12662.5826712038,4.98,2.48107607622312,1.82367710735865,2.95066992959268,2.47947458572128,26.381425303413618,15.0124733393881,7.70087321650666,17728564.563900698,106.85075357640783
China,2023,0.234836828893051,17794783.039552,12614.0617416421,4.67,4.96128802760332,-0.582393794026771,5.24955786387791,1.42169348613261,25.57390732401646,15.468774031062,7.84236823527058,17645270.5852867,124.13092031152152
China,2024,0.218128938439177,19633473.535543457,13812.071038794818,4.571,5.558340789274842,-1.8744983726939854,4.171519154443522,2.7200182277534326,25.31856706375333,16.209435008264624,7.254813375253039,18576571.041197307,131.36352760068138
China,2025,-0.6462351583884507,21190468.0661001,14581.339352142093,4.832156963299571,3.8306263767055917,0.5562357808797032,3.4962167903237806,0.5046146026814304,27.773279566367723,14.762346723531275,7.039121598481041,20797923.852509618,135.45915479162062
Colombia,2020,2.52663500084706,270348.342541465,5339.68711357943,15.983,8.24660761552955,1.48172462037553,-7.18591413760859,-3.42772945914236,36.5543934839744,23.6871303712315,14.0452385553971,267833.501944668,91.1566069449736
Colombia,2021,3.49505757399448,318524.633225395,6222.62164397614,13.898,1.42458739401645,7.80211309545884,10.8011981904878,-5.6351694946032,35.6635486558905,23.5474759563245,14.4463230965207,313509.201762482,80.3666516174088
Colombia,2022,10.1772313546166,345329.875078512,6674.59601948063,10.547,0.819154152685682,14.8665745551143,7.2888838865514,-6.14606090715928,32.4193456934105,25.4295500704256,15.2766681363411,337877.67746828,70.33140026012
Colombia,2023,11.7359044948689,363493.841244303,6947.35928681966,9.594,13.8189997645355,6.33605731984103,0.610409565791542,-2.37230770483043,33.5924934595053,28.6315353964396,17.7026930551997,359767.496425645,71.8790882440625
Colombia,2024,6.60908593728228,330938.89574691444,6337.723774640287,9.608,5.120467690060394,4.967103243131069,-1.8052674662987136,-5.678406650919619,31.33201007811918,25.327678508216838,15.335301524250767,334991.11824930896,78.80385803753546
Colombia,2025,6.056785163554032,326457.2915455964,5371.150173280542,10.324539990668072,3.5913469778953444,4.1735253825715715,1.2602525452663444,-3.472222798120077,34.68874975644428,26.10598178159868,17.643826042459366,409609.91145758255,81.09258817356775
Czechia,2020,3.16129528497801,251109.66060253602,23472.8915454417,2.55,-1.12128533160186,4.51623222399486,-5.30487954551279,1.78520080795831,37.6424553361707,31.4093362784941,14.0731168065984,233709.848019733,95.70986285266773
Czechia,2021,3.83984491500146,290972.71448231296,27696.4619527544,2.803,-0.800024650179158,4.03442638918558,4.02901830633854,-2.04624111898244,36.8457557403545,30.7807294354331,12.9358385035563,270290.707240003,91.23869646835452
Czechia,2022,15.1001651468371,301831.22832555603,28282.2236715857,2.224,-4.09132848261658,8.67110088094911,2.84717065717149,-4.52048439437013,34.4426537105922,30.2210309633991,12.6419883935481,277349.488376076,49.07667473516449
Czechia,2023,10.6612601372426,343207.87455373403,31591.1770732969,2.579,-3.21389905957262,8.15889263966358,-0.085330275927376,0.301691698482678,34.39821938874259,30.79864531969358,13.369815375253625,317869.839762542,61.78185375088721
Czechia,2024,2.43531202435314,300429.4746439478,28849.157262647423,2.506,-3.800789409654971,6.806909051760792,2.1279191363224355,0.7768418661590515,39.00589536357921,30.44783476114079,14.51825869935375,325177.04183074366,49.44858691120694
Czechia,2025,4.964231758363634,315787.00530045264,32975.75375184136,1.4727084885952597,-4.739593935589881,8.887061848627937,-0.16526668500700326,0.2872600027062693,34.14273862107843,32.323639428671555,13.676639124655633,299792.1947710151,53.322076098367496
Germany,2020,0.144877925813982,3940142.5413541,47379.765194548,3.881,0.660401114706737,1.75504597095741,-4.09513749064689,6.34985102790796,32.1608467019556,28.5741617917336,10.4109728028015,3998734.91735098,125.38274448692314
Germany,2021,3.06666666666673,4348297.440387529,52265.6541620571,3.594,0.25950426610116234,2.80292938819132,3.66999986156735,6.93196765120446,32.720769435816,28.620439226865,11.0225053448154,4443312.8831976,126.86905691843317
Germany,2022,6.87257438551097,4163596.35787939,49686.1154582583,3.12,-0.8395926455053792,6.09185662231558,1.36973105536585,4.43791548373552,31.4551133705123,28.2974569090886,11.0108628299,4241258.69494165,103.64253050052977
Germany,2023,5.94643667725823,4525703.903627531,54343.2265084958,3.068,6.75149734097438,6.14291653024772,-0.266438410090913,5.80317294206,29.515263771851107,28.462611084297908,10.9835122246376,4636236.58906871,117.91959703320956
Germany,2024,2.2564981433876,4408974.349755893,52877.172748919234,3.406,1.6300708811683955,5.5556720800089,-0.20344983714701853,8.241415713173954,28.917128651309326,29.08338135887859,10.962950716035804,4659342.141738718,117.52902424185766
Germany,2025,3.085207451449147,4372579.47029677,51123.53869582966,2.1942321288749755,-0.2351573540029694,3.287316924693441,1.63154639249566,6.14898741205287,31.765762767873934,29.27771410413877,10.564614100503615,4202009.969792193,134.1407114625177
Denmark,2020,0.420711974110115,355631.02193162096,60985.4885601514,5.637,2.1507951971754347,2.82692165384543,-1.7801059882175,7.23112965395448,38.7585745073268,39.2120703827283,34.470930251185,367136.215276414,78.9489483460674
Denmark,2021,1.8530454398968,408378.204639999,69727.9873677012,5.043,1.5057632993430103,2.76891919858527,7.38206628977555,8.65914472386699,36.2155316033098,40.3735518701147,35.004012294038,424501.033300764,83.42243656250591
Denmark,2022,7.6965669988926,401945.576107963,68091.3191138669,4.434,2.9157349482906856,9.09696553405558,1.54017310709567,11.5656223681511,32.0184253924653,35.787251322537,30.6692719191866,414709.86731525895,80.23076307072083
Denmark,2023,3.30517811237606,407091.920305404,68453.8769281145,5.094,3.1923572156826583,-3.78891798596015,2.49518433148894,9.84084615992846,33.1387313045139,36.6991297613195,31.404169068147,418673.805445712,84.63244436322822
Denmark,2024,1.37220049768918,419276.7973374038,69470.23984941267,5.587,3.028165778310215,7.5778805335514114,2.470800414493974,9.643921837756015,31.805930381869246,39.27679404652956,34.97853535517963,433645.77255533315,86.16355513982367
Denmark,2025,3.9241871419881544,398456.4973520884,65833.5574666558,3.954116675879482,6.232763647336671,1.2843400515038652,3.4147191365360055,10.569431254894546,29.510895690324862,36.31047893980214,34.05597671902672,438145.74261562224,101.76237014643492
"Egypt, Arab Rep.",2020,5.04493288977539,383817.841547099,3511.11381026379,7.974,4.88781543020781,6.17693409847963,3.55016483786838,-3.70903990583376,34.495581830570565,16.736292224399225,10.435523088840561,372463.841547099,85.28143419211476
"Egypt, Arab Rep.",2021,5.21404940513043,424671.765455704,3827.35415374308,7.441,4.36620669870869,4.84715643244118,3.29064601202211,-4.38240299812002,35.63900133043798,16.299290168042848,10.075657330667124,412272.565455704,83.4224365625059
"Egypt, Arab Rep.",2022,13.8956609775178,476747.720364742,4233.30783744856,7.344,0.142669652477037,10.4257892435745,6.58784560886967,-2.2100904275198,34.96774456088057,13.94256157309606,10.702599079638532,460984.520364742,60.82811275164073
"Egypt, Arab Rep.",2023,33.8847763115546,396002.49699696,3457.45691570455,7.334,-5.66130850390234,24.8250653743744,3.75870055176806,-3.17277519022305,38.29952529998356,14.091372590812318,8.93110875878307,378684.096996935,60.25327190268778
"Egypt, Arab Rep.",2024,15.56634439227501,386786.9292113242,3363.901056993819,7.198,1.1623847175674964,-2.9139897478985226,4.910825984838803,-3.4889383102477622,34.78103188774551,13.985100460374035,9.65499422372751,417398.45927678014,60.82665547878723
"Egypt, Arab Rep.",2025,38.84581130705811,404005.7632204701,4504.890956156356,4.4907996267174966,5.9948143248657715,-7.169078911909924,3.4387144581425053,-4.128926091294053,39.3899002331358,12.636205153771927,9.378808967845366,426594.8595356685,64.81012565306237
Finland,2020,0.290554555653239,270000.311606226,48828.6846862799,7.759,2.2831123582946,1.63841612956087,-2.49103620977239,0.529983303828095,41.4819765892371,35.469801638838,20.0057532774645,276322.367069261,81.59828365737567
Finland,2021,2.19457432340007,294223.210496119,53099.1351400148,7.617,0.25208144297022195,2.43461236911682,2.73471348589543,0.326640931588569,40.1026675885578,37.0226399318229,20.8297824444051,301103.21087984,96.84301306037658
Finland,2022,7.12350773301402,280241.51577432,50438.4753952355,6.719,18.947069581315905,5.44943422380896,1.4500480727209,-2.50703012641764,37.9360749124468,37.1830424914701,21.200267544453,284510.574953308,49.07667473516449
Finland,2023,6.25064322154763,295532.34125490696,52925.6897638424,7.151,0.49214370456579193,3.91351734729513,-1.16396281522198,-0.5344693537674,44.854383140641,42.0657105224645,25.3318454558759,297129.375017652,38.820307790862515
Finland,2024,1.56568906231616,287177.7318760831,53007.872959361215,8.26,-0.48054300127335337,1.361450622370129,1.2649036161942877,-1.7463226892494375,39.77735716993009,39.78015930371685,22.92592794949881,289859.8763651515,49.44858691120694
Finland,2025,4.4554082382851945,295178.1384360373,47175.74065175347,6.383802966113398,-2.6473229432094243,4.1213957799760506,5.793257569047379,0.18942327261355763,38.12128752071823,39.42159079186808,21.556363837838934,297364.3937711314,53.322076098367496
France,2020,0.476498852725066,2647926.05511005,39169.8606000707,8.009,2.000506629642286,2.9779787161909,-7.44064593044142,-2.00313613657686,51.9636314257982,43.3219907101665,24.7888064416138,2667982.79034398,122.181515731387
France,2021,1.64233141038385,2966433.6920080897,43725.0999521245,7.874,0.5876965516664703,1.22181611014376,6.88233786590355,0.244238511780542,49.9944440065304,43.504848267154,23.9794445386059,3024516.53107359,115.58850689623
France,2022,5.22236748369735,2796302.21039884,41082.8119320747,7.308,-0.7084788947133227,3.22063217116909,2.57084047443969,-1.18259080268105,48.8338671441779,44.2550165980338,24.534247684466,2828314.88899807,96.7764980125667
France,2023,4.87835726508441,3051831.6113847597,44690.9345395117,7.335,8.02132026488921,5.30357175264875,0.936487502671483,-0.993970970723725,47.3264654106394,42.2749864603668,23.1103805885841,3091101.3074150602,98.4729036917015
France,2024,1.99904942291463,2888064.546918223,41902.841167918916,7.37,3.614648469640943,4.085442872699183,-0.800811341640538,-0.5004982228815105,45.95702466963429,43.10077164674513,24.253955967141682,2801159.559762717,111.76724362660566
France,2025,2.4091298999602615,2786885.365942319,39673.61987432655,7.064255499722076,6.563051564449067,4.418226056821325,3.0229423094150443,-0.520350774738919,47.32277689588264,44.998667839637314,25.20119195049243,2749546.176901769,120.7558976168094
United Kingdom,2020,0.989486703772491,2696778.3866076497,40201.6812422928,4.472,-0.9778288148346184,4.96982052549251,-10.2969188737567,-2.95839949111081,48.0124897432167,33.7372818264538,24.7854276187243,2640330.9200764,196.640576642773
United Kingdom,2021,2.51837109614213,3143323.0507072597,46896.8662432834,4.826,-1.0704962882039954,0.0665566228650079,8.5759509048565,-0.440671238610715,43.6472827513783,35.1040518071235,26.4149383040168,3158743.95647628,186.794915550888
United Kingdom,2022,7.92204883147902,3114042.4711443903,45935.9276473925,3.73,-0.887193714893796,5.44390479781602,4.83908514714403,-2.27877411232757,41.5283554488788,36.680918672529,27.173147226044,3104062.21368648,141.244397228023
United Kingdom,2023,6.79396706793963,3380854.52080954,49463.8554617343,3.984,-0.45611949124070983,7.29825479586994,0.339966158003463,-2.21432613498015,41.7163199362948,35.8462722272446,27.3188631444738,3296696.9997334904,138.193489848821
United Kingdom,2024,3.2715729463592,3149502.555879295,46231.4631942581,4.111,-0.5067081094028254,5.255819203217018,-6.1019519900019015,-5.125078701074763,33.73386026477124,34.45602247688287,26.686573286664963,3283136.5721380524,160.89846922646825
United Kingdom,2025,5.202747507028878,3327296.128033759,48213.026278419165,2.329594092510643,0.08972143697631196,5.394883494666995,-1.9346148888030426,-3.49134653046098,46.91511650435581,37.66316188941818,26.585756518634856,3247072.515381326,202.9328005598972
Greece,2020,-1.24798355581405,191362.985554861,17886.733165236,15.899,15.12266826783338,-0.3639597319481,-9.19623147082588,-6.48664200392795,58.0698817576878,44.0015590829144,24.9917156858479,187724.248007129,249.366027184106
Greece,2021,1.22382501019854,218303.80189532597,20654.7001960815,14.656,17.120386454282308,1.39275645318513,8.65449785311438,-6.34795283469092,54.8325762184431,43.9497127949658,25.5777359596935,213013.30158994198,233.448695008579
Greece,2022,9.64525981280632,218880.566444349,20971.8349258283,12.426,17.261814105642266,6.4958241447423,5.74364918958959,-10.3357101038965,50.5946031348852,45.0580295027497,27.6693971786038,215323.64404348098,202.480392684901
Greece,2023,3.46480128513405,243498.333237802,23400.7278817691,11.066,27.117561525409123,5.87456266805546,2.3321238825698,-6.16330418209365,47.1947012803121,43.2372754204675,26.6335826101613,238668.954547047,190.608142099084
Greece,2024,2.74149045788606,176702.80986247223,21165.132752622892,10.133,20.42172379596729,7.010595251728423,12.453601762488006,-7.281638024357548,48.156177917863594,44.751915448420014,27.65243813453962,180798.347103552,204.66068472204196
Greece,2025,5.54733976973696,175039.50150190273,17318.046894685034,18.22620912237124,22.013878288061548,2.787486950744827,10.21751839596112,-10.975663092528436,51.414512395225984,43.855373938706514,25.805920876358446,180683.56505550988,229.43267777357073
Hungary,2020,3.32674385766738,157288.955508176,16131.9540355923,4.25,-4.16562578727742,6.38947660567723,-4.48704604765308,-0.856486462034654,44.4272824801442,38.010169085539,22.856020688758,153532.999274884,95.9372022493216
Hungary,2021,5.11096534382855,182109.99947769102,18755.1023464312,4.045,-3.26450115808617,6.43924810515087,7.06122060972912,-3.87800347437411,42.5387805161118,35.974472011826,21.4831535931987,176321.181848921,86.9236862466223
Hungary,2022,14.6081439492433,177006.12862462702,18353.298364905,3.609,-3.1304103307255,14.2313411581322,4.58340767295068,-8.3205705337549,42.4169558755882,37.9436459498737,23.4281197043669,171906.025966474,75.5259534751362
Hungary,2023,17.1249659678737,212388.906458724,22141.8669799276,4.107,0.481988651849058,14.7490051351556,-0.907685956140242,0.787522464190016,41.20488976940648,38.284007901499834,23.414649045882694,204857.214604962,97.16210891992452
Hungary,2024,3.70370370370369,193832.66213293717,19460.38011589447,4.434,-4.671988512687668,16.848741088228095,4.5302980650088065,-2.902589556624937,43.52701938216891,38.24531649010975,21.999572141871262,176181.8934731193,90.85776467768021
Hungary,2025,15.236554328293217,191669.9515445259,20005.542089243747,0.005988848082222553,-4.796968716555785,11.09530409670357,8.137535439532105,-2.600890526287362,39.07551485107756,37.8732005053572,22.4602841927213,185986.32024928744,85.55903871377649
Indonesia,2020,1.9209680056685,1059054.84271155,3853.70288778903,4.255,9.98592671987597,-0.401651435218994,-2.06551182934165,-0.418606247730959,29.691195209730363,26.01092003658876,15.598720746193516,1029975.05694017,55.304510305849206
Indonesia,2021,1.56012990525673,1186509.69107097,4287.17313989405,3.827,2.7532239499583,6.00397322136207,3.70288562827751,0.295885914530007,28.151347437304178,27.11710628714522,15.070148299044854,1154297.48684638,52.48897452658677
Indonesia,2022,4.20946383402165,1319076.26729151,4730.74548910499,3.462,-0.955296610119879,9.56668684525337,5.30741934775764,1.00184767462664,29.51431231716228,29.43755945857892,17.434291809458713,1282833.04315133,41.26452600981494
Indonesia,2023,3.67013142377007,1371171.15233116,4876.31432703188,3.308,7.28195525441058,1.5330736733459,5.04810577067288,-0.148899137539572,32.03879482362962,30.856962285103656,18.508407468772468,1335866.3544177199,43.03826390146571
Indonesia,2024,2.5692224894311284,1372273.5602390275,4587.226539135143,3.3,12.363687224794976,3.2479896425150274,3.190527578817571,-1.3087342189681026,30.689450262663957,27.11647961277263,18.050190324423404,1279511.2790138319,44.666234238679934
Indonesia,2025,2.543148525574609,1504838.8214012084,4736.225440656848,2.577271614027702,7.118445679203026,1.323922901918143,0.4830290737336842,-0.6121820687856587,32.04988338949209,29.012735350551292,17.296693496568754,1347994.7713898537,59.71496676068148
India,2020,6.62343677628535,2674851.57858727,1907.04251637669,7.859,4.13599957786408,4.81485791893405,-5.77772470686801,1.22362111042791,14.349299465496685,9.353033208051396,8.254278225503125,2638922.0067290496,45.904492839074756
India,2021,5.13140747176369,3167270.62326047,2239.61384367482,6.38,0.316945144211866,8.35490771481598,9.68959249192875,-1.05524166809384,14.612145690641713,11.121240402988875,8.67634648233317,3129982.8490420696,44.558537056724916
India,2022,6.69903414079852,3353470.49688633,2352.61392452078,4.822,1.70461092850436,6.74751308321969,6.9870393257555,-2.35728753316071,13.3042414679066,9.0901147744163,6.71965605554655,3307391.4973747404,44.472144124347075
India,2023,5.64914318907925,3567551.6746230097,2480.79208721621,4.172,2.842749629572437,1.33405065563208,8.1529363109041,-0.895916592872975,14.562683443011725,11.983812253643029,8.672510647925131,3515454.30953894,43.93756242064188
India,2024,4.95303550973656,3620865.3807133646,2449.865168988729,4.202,10.777666982633619,5.251548388999265,9.418063013643142,-0.8239899456674803,13.148135359275496,11.528838430785626,9.066316372329338,3308372.804861875,43.70553371354893
India,2025,3.7040203526866664,3765487.84854337,2705.0556289384454,4.415019047161733,3.005255341793679,4.611100001208915,6.156135530389126,0.1089626034953467,13.497833604362784,8.9531983356623,11.688646969899647,3513285.4229617524,43.09598921341796
Ireland,2020,-0.326183651280033,436555.518400451,87567.1148972037,5.623,2.449832800274204,-1.92433938965517,7.15789883057209,-6.71276262590436,25.09442647814,21.1204147309134,15.9051983090981,324405.10769209004,70.0047790053242
Ireland,2021,2.34034113447044,531306.516907984,105561.137468992,6.364,-2.73213089805322,1.09810305153333,16.2556132446002,12.2562799365962,22.2211414269678,21.4086562163273,16.5930205963518,383333.737150831,62.1665685484345
Ireland,2022,7.82945736434105,548570.250341987,106194.755859223,4.501,-0.5057941856828096,6.76287565719737,8.61950355191492,8.82777423084431,19.2347136594726,21.5610968148177,16.7857030010673,382869.674217081,45.400258888176
Ireland,2023,6.29942487419125,551394.889339778,103887.800388081,4.288,2.9844889563158077,3.62187153658782,-5.53000736095537,8.11468850147428,5.9640502115001155,19.575112686203916,15.746723144348618,419845.58558683505,60.32531404209113
Ireland,2024,2.11344999577317,572189.7080749,98871.94774576009,4.369,2.6632295005905218,4.758418820963731,4.17075569787281,2.3217676997337677,16.009877205498533,18.899572245089857,14.057982476649174,394039.9136933439,32.31342749178379
Ireland,2025,2.121238464597944,643821.0152246556,113149.69468504173,2.7068313374584294,-0.40970145971915856,1.9921193914449815,2.7530236523489675,-18.594398639260174,1.4572637329707172,15.95328003855918,14.327271598172949,438400.2685377751,6.84711195555105
Iraq,2020,0.574162679425795,180898.79751687398,4295.18945121228,15.778,68.25821899145444,-11.2201963874445,-12.0367930931001,-3.48598226553262,27.531500969663547,34.738353904627196,1.841781076974471,179091.89751738,28.894348190144544
Iraq,2021,6.04186489058044,209691.945713103,4868.49431080783,16.173,103.41783743188998,38.8998331529519,1.5021807095434,11.7148037882244,27.347944818256856,38.88817234892071,2.2092179794739586,207627.745713103,28.511786119568992
Iraq,2022,4.99476596381044,286640.34096551704,6504.12428393548,15.511,96.54349999489015,26.9938337592464,7.63981140218355,20.237730601562,26.758460033283438,34.17127004378494,1.958298244486954,285694.140965517,36.57340166817032
Iraq,2023,4.35835351089586,250842.782139464,5565.12644647176,15.447,107.3652519393773,-18.1894127218862,-2.93555773971221,11.3117013578386,26.70191426028097,37.89296014546381,3.0116307508886653,251816.08213946398,31.52635344117976
Iraq,2024,1.2085889309287163,193761.29194024776,4868.927485077956,15.524,72.59271169319994,-16.943476629238624,-8.13173910687658,11.574775367297653,26.989993624215277,41.673864300064366,2.072234502284288,270298.0676767932,34.34694362884606
Iraq,2025,7.427801664345976,293341.7187038171,5960.267089562261,18.158621719479072,114.37835350097914,6.494434170748467,3.378504549495603,14.50338249072036,26.344792773907947,41.53844625126045,2.647019087291705,214392.9118079883,36.44443414871645
Israel,2020,-0.61441235846577,411728.563086632,44679.7715799755,4.169,2.31426049991113,0.971284967965317,-1.46460564253812,4.05349579705705,41.699346026319,30.3181535474859,21.987414524036,407899.013182635,68.96912504461801
Israel,2021,1.51020047690539,489708.27889305295,52255.6159050999,4.812,1.00964623444939,2.07020211665778,9.34390774596847,3.25881768551542,38.202299421711,32.6931125019554,24.5714433555482,482170.209223983,88.12942405738897
Israel,2022,4.39359665912654,525000.4152766779,54930.7261602593,3.695,-1.68785684647237,4.72579800556809,6.47037150232485,3.2579212324977,35.257917194513,33.2542161441931,25.0103227772634,520492.108611226,84.66545117930475
Israel,2023,4.22535211267609,513611.100815691,52642.4267486308,3.596,-0.4527535143989557,4.26608944082265,2.42300691049012,3.62219585411103,37.3325068697472,30.278963607764,22.0749261748925,506703.670405958,81.34149337882448
Israel,2024,3.07052614744924,468979.1932955383,56149.939405746656,3.15,-0.662296671030971,1.095620381813368,5.955611277706293,3.912957721226224,36.18679184831922,31.10240679851127,22.57751981422192,517947.6787672666,84.36969903069054
Israel,2025,5.260265158156299,552113.2518452879,55645.3539721312,1.26268411399538,-1.8340212305275099,3.3944397341326624,2.8460462084053555,4.554552186761754,37.02524137458329,31.839188143475727,23.091207361836936,533671.3406941327,68.00836175839206
Italy,2020,-0.13770757391651,1907481.09407923,32091.4866621366,9.164,0.739269303549746,1.57740277527265,-8.86822121046387,3.9369545603398,50.3444915572159,40.5950400712713,24.8458109789517,1921655.17669323,62.40182431944212
Italy,2021,1.87378325762481,2179207.7735960903,36852.5425414951,9.497,0.733185622941066,1.28332191197099,8.9310620660078,2.36551166160116,49.6527178126937,40.3348719250734,24.8769150126615,2182382.01204027,59.18367070593664
Italy,2022,8.20128991161718,2102995.9427204398,35635.7442204098,8.069,-1.25116298090401,3.56016140243167,4.66176265113695,-1.5588851197709,48.3949139305084,39.6278539964024,24.6189526387081,2085487.7454531202,53.85045037429821
Italy,2023,5.62219442195901,2300941.15299181,39003.3160954123,7.627,-0.875338874807456,5.81875394007432,0.69763299419678,-0.0107548120555719,47.6049028915113,39.3416094557081,24.877568219645,2250908.3666817998,52.489415804880956
Italy,2024,0.982373023061417,2217311.396170538,30125.14565831786,6.778,1.1597150842989767,3.6586363422231463,1.8113007252234912,1.2011567907299932,49.9534148115929,39.771740245978464,25.71089096071273,2099703.2290888084,59.942040451886896
Italy,2025,3.953641199177672,2087876.7065469269,33725.63688296054,11.03307042827977,-1.5148065914443984,4.647454562340121,3.2641181563910697,2.2162603116202297,49.872439708791596,40.068321987887195,24.762176129033108,1980768.3982264348,64.68776338188695
Japan,2020,-0.024995834027731,5055587.09350159,40040.7655055923,2.809,-1.8142944191756831,0.941449700794308,-4.14711889947692,2.96758662260168,23.5988078728704,31.11630152153532,18.617059213518885,5241005.75382788,215.755540579043
Japan,2021,-0.233352779398264,5034620.78458498,40058.5373276179,2.828,-1.52298627576682,-0.19006062486126,2.55932023865617,3.90347308918604,21.6380905707389,31.737090325840956,18.994029936486555,5275289.20725822,216.329364856741
Japan,2022,2.49770278172255,4256410.76072375,34017.2718075024,2.6,-1.9067317348642927,0.333979877221765,0.954736937781391,2.1180194826945,20.9609581817444,29.126374249753685,16.08165051424979,4515110.236512519,216.213375459903
Japan,2023,3.26813365933163,4204494.80243155,33766.5268253808,2.6,-4.9613138903409695,3.79301783489684,1.67901952310368,3.7860667684835,17.56189284497176,31.581858296252086,18.992566965053125,4453892.01075624,225.29509226625927
Japan,2024,2.73853681635241,4663504.998749534,32830.67247796479,2.563,-7.733666283146366,2.054011113728093,-0.12113746303610834,3.5432937100959565,22.19824433457897,31.588150831854136,19.336137460576904,4427259.940255098,219.64503677833395
Japan,2025,2.216811435124348,4349996.181376839,33188.5700754004,2.1798609694169087,-6.4557680192659594,4.370185124820413,0.29748578282500404,3.478621865876479,18.915118078455254,28.106689668165206,17.616351094620526,3964478.1794416085,231.65969168127452
Kazakhstan,2020,6.71815454861464,171082.365861423,8781.50797787648,4.89,19.86683004474013,4.21085829258907,-2.49999999628,-6.46182057750937,16.8328642687514,11.8421559935191,8.3188093138288,156009.669230591,23.7157605024381
Kazakhstan,2021,8.04147134028396,197112.255360612,9983.60103576902,5.546,17.120386454282308,13.9300750551614,4.29999999729456,-1.35935671668035,17.1165193502456,12.3381823490202,9.44711136309549,172923.312214507,22.4120405815457
Kazakhstan,2022,15.0278644440851,225496.328925494,11255.3396437881,4.86,17.261814105642266,19.7690064802492,3.19999999970734,2.85390106329207,16.1647366957137,16.8877605760788,12.0616921106992,199981.133856769,21.3547830101811
Kazakhstan,2023,14.7249900200331,262641.892078524,12918.8661346014,4.821,27.117561525409123,9.85761932391583,5.09999999973641,-3.41952978676609,17.3925228166182,16.4861706026168,11.8561721571431,236494.030772199,20.8220895673088
Kazakhstan,2024,4.85655589318192,251648.93135655962,10672.728166021896,4.794,20.42172379596729,10.76229570124889,-1.9898506929026616,-8.772343712473953,16.1908744682373,13.834302644181415,10.89536351689247,185040.2660142298,23.52504105714431
Kazakhstan,2025,11.893703128973893,199395.87850686727,12832.842702133283,4.507338750424284,22.013878288061548,11.500574400414592,1.3583390024037598,-0.22469711315898522,17.65185871326426,11.955392752185537,10.878509863460957,232386.72387973598,26.626721055875947
"Korea, Rep.",2020,0.537288023411737,1644312.83190617,31721.2989141857,3.931,1.21885992613016,1.56374685675343,-0.709415359397681,4.6160437677793,29.7259285261153,27.90250204791,14.8612576736336,1658668.66599032,46.4315966423379
"Korea, Rep.",2021,2.49833333333339,1818432.1068800401,35125.5224984723,3.639,0.117975152059719,2.76293194144772,4.30473481906969,4.68690580624589,30.4912143759034,29.9337668091094,16.7347339402527,1838899.31716523,48.955278643504
"Korea, Rep.",2022,5.08951365062842,1673916.5117997099,32394.6833725203,2.857,2.97897986524902,1.27552257409207,2.61267219187226,1.54300407564714,33.6430322591716,32.0041644408096,18.4445796703636,1698504.1318783301,51.1791323198157
"Korea, Rep.",2023,3.5974562502901,1712792.8542023702,33121.3712885508,2.675,3.06189296952557,2.06407396162432,1.35673324311098,1.91626791993389,30.5053798203587,29.4603899687342,15.7242791307935,1744702.63180569,52.2965549034288
"Korea, Rep.",2024,2.32174328643542,1828583.6775897944,33413.30045066374,2.604,2.1892216592163742,2.384118888323047,0.5648888961261246,3.2944191334075965,33.494916782694986,30.117355006162654,16.04449467683507,1861877.2251484387,51.50895644569088
"Korea, Rep.",2025,0.1798066517349879,1880240.020940599,37044.976841018346,3.7376197543156784,-0.42201555900879395,1.8891767045635184,1.1672591249989737,3.3889883360973387,34.097956351765696,32.78665474924947,17.186812643563773,2010723.2752226684,55.715193244460785
Mexico,2020,3.39683415570006,1121064.76726188,8841.27075003163,4.44,1.6458420984599,4.61979011759097,-8.3540345574586,2.39997618948584,21.6980704247972,18.6445328305744,13.8975134544893,1085047.50459005,45.8373464169213
Mexico,2021,5.68920847683753,1316569.4669325901,10314.0506741437,4.019,0.386354415459224,4.48797277024499,6.04848344290505,-0.341323111758756,20.8923836587694,18.3430886452526,13.4112621199031,1282549.13752722,44.8609557980964
Mexico,2022,7.8962761916855,1464312.69233158,11385.4070757929,3.256,1.5793605736953,6.49719200406193,3.68911109348025,-1.20188858644509,22.3457245647787,19.3056685290032,13.4281110671168,1430370.46953523,44.0481728467751
Mexico,2023,5.52796087314389,1789114.4348434599,13790.0243428344,2.765,6.82726295643863,4.45991367594138,3.19998116598492,-0.306117545828148,22.5258954506252,19.1429649561721,14.2665980098948,1744482.3176696799,45.2613919277323
Mexico,2024,4.72225588452932,1433886.7992408366,11735.30870688957,2.711,4.903057625609545,6.183989902960706,4.50651920697552,-0.7678994587223869,20.996888172797576,18.882662400447334,14.982410463508806,1136825.5966076828,45.55075218276502
Mexico,2025,5.1375847317653704,1306265.4973547815,10946.292796793821,2.9722482683392335,2.201941189389829,4.237679016913308,-2.9673604405324108,-2.8674570718697785,20.939485623220442,19.861364551850286,15.594487957564326,1306702.0969038531,47.39519513516196
Malaysia,2020,-1.1387021539305,337456.163961211,9957.52626697613,4.54,4.80149199718223,-0.818007729183023,-5.45684658426701,4.18956779359845,18.4715851445262,15.8672577102456,10.8846712054019,330671.265155887,62.0067215086738
Malaysia,2021,2.47710241465447,373784.82367294596,10903.1116425938,4.64,-2.11195861208843,5.67593848764116,3.31534954399166,3.87747670667502,17.2542689687307,15.0934538926416,11.2160748437663,363611.08924177504,63.2668366732951
Malaysia,2022,3.37869862549928,407605.841348235,11748.0919307944,3.93,-2.34527886822707,6.40348511820096,8.86182187578046,3.12519285726352,17.9061514875177,16.4086792687527,11.6374738583074,394667.473818317,60.1811225069523
Malaysia,2023,2.48886560125754,399705.169318477,11379.0861000632,3.869,7.32680719159387,-1.87225562537837,3.55548715410509,1.56542803967803,17.0192684093425,17.2778667148161,12.5725185914202,388101.205732467,64.3209101553548
Malaysia,2024,1.834100204499,392962.45193081436,10299.034780146818,3.826,0.7753651177818903,3.695195226140925,6.331431470897105,-2.0282126396209708,18.288577097270373,13.600242367764197,10.130832224392135,423790.1290588021,66.07179941292395
Malaysia,2025,1.7538999424381145,429459.12816824316,11157.381524665157,4.459571619413408,4.365336400666565,4.34710612786185,2.787949412347071,1.8806486656150116,14.640890341268493,16.091793467228538,11.595007542273123,403791.96292065637,63.271185649383
Nigeria,2020,13.2460234276597,432198.898467795,2019.65706326224,5.742,5.37128021114731,7.84914204720589,-1.79425308274458,-3.69874324007746,32.268590285696106,23.387256004388398,14.991275302927667,427431.91639061604,65.03272554354147
Nigeria,2021,16.9528457221608,440833.63587382704,2017.27486481527,5.45,1.22771853011479,10.1310336867347,3.64718654072446,-0.738183955457954,20.394052579071488,15.153823578739964,11.6555790532338,432250.67705707,65.09491571749204
Nigeria,2022,18.8471877843274,477403.400101174,2139.37478476974,3.821,0.91923189527194,11.3113349413983,3.25168140827093,0.213362293998091,23.231069910411797,17.964308937016977,11.762168463627587,464530.82775553,60.82811275164073
Nigeria,2023,24.6595502031139,363846.332834618,1596.63696129001,3.074,1.23305048739489,12.6218692275514,2.86021499108364,1.65528597155347,33.73432523098128,25.464062809481003,16.732233717843503,352906.09381322603,61.78185375088721
Nigeria,2024,25.859250630070523,359460.3441182256,2073.2641020832166,2.989,0.023959802631929428,11.066355372242805,5.866531130357417,0.8586345534925544,27.84691346722756,22.666781921197916,19.257699560776196,428152.79776724335,60.82665547878723
Nigeria,2025,20.090482042254507,501690.86943994544,1890.917498819265,3.538367776394574,3.8814098718778562,13.000228789406636,-1.5172083644375765,-1.62372293386966,28.022268796421763,21.705693557430344,14.747395249094325,422020.66973784193,90.94313387454362
Netherlands,2020,1.27246037789161,932560.8617011701,53467.9277413737,3.82,-2.147726430565645,2.3557302816255,-3.86795339323423,5.61802810313741,43.0242399226909,39.8403846836905,23.9228232020312,880056.390964983,54.22230210805884
Netherlands,2021,2.67572008805385,1054472.1234496,60141.9880911492,4.209,-3.2761525321638376,2.74734323804928,6.27683073230526,10.0468874909398,41.7954124838764,39.4413100779541,24.3086759015198,1046137.35248448,51.304567944884596
Netherlands,2022,10.0012078753473,1046540.79754864,59123.318556487,3.526,-2.709881998104568,6.15557492580412,5.00723459045037,6.65774559718475,39.3652774144211,39.1672536274174,23.898794550321,999999.206889109,45.29793790412414
Netherlands,2023,3.83839354342808,1154361.30539806,64572.0059558854,3.537,-3.98143275349333,7.343742684744,0.0745607216494903,9.84754479203882,39.3157917907379,38.8015537669106,24.8408812672174,1144673.45827642,54.0353890513324
Netherlands,2024,3.34754304219953,1192922.4540434985,55266.91199168386,3.599,-3.6171946829333077,3.911953522235807,3.792494348244665,7.025795384906964,40.25153023825047,39.30003957120611,25.282919304576023,1075736.5791090997,48.35814669085561
Netherlands,2025,5.122125545619493,1134387.1938833608,61095.79761598873,4.440510845714462,-4.556660648605579,6.03766101856028,2.4712100325226594,8.708387366748655,38.77477054799598,39.77643279467989,25.91421500081159,1055959.8884833348,55.7811824504591
New Zealand,2020,1.71456170007245,212697.53089756,41785.6922905898,4.595,3.753452859680718,1.95515165378657,-0.424906457573115,-1.12865212882116,36.402848240201,31.7365606478207,27.3768537037489,208606.894464654,46.1185059391692
New Zealand,2021,3.94112060778728,253644.079784977,49624.1816729553,3.776,-0.16561193404461172,4.57816245517681,4.54624763852878,-5.83652013150899,33.6507867705769,32.8294404066466,29.0601312027406,246933.088131277,51.369754769912
New Zealand,2022,7.17222476016441,246733.522841353,48216.5095836302,3.297,2.354469477640305,5.58708755877011,2.7748426484212,-8.76545636261221,35.9255939135397,33.6102947082101,29.9338565180745,239404.00080312,54.5666722344428
New Zealand,2023,5.73316283034957,252175.506110168,48280.8114166238,3.729,-0.5770063415899966,4.75854916721366,0.733302171674978,-6.76716667289858,28.85577380676129,31.98537737301978,29.63969053626785,244146.718394277,49.19591171702084
New Zealand,2024,2.92279782301957,260352.77103552571,48476.71554157361,4.869,-2.810581144242021,5.149958384316556,2.602320993097044,-7.373680698130215,35.27891786103928,33.152907073611736,29.551258586815845,243091.92038296256,54.41491403569976
New Zealand,2025,3.284603446412923,267590.0136630807,55097.08573442675,3.010785092836155,-3.1958357174251755,4.528590530561451,4.89895213857765,-8.65592048978429,32.917479930490636,32.173402106054255,31.38812997793463,252081.1582279369,43.74478614161603
Pakistan,2020,9.73999313898155,300425.609817981,1278.39735206896,6.127,0.739692508004723,9.9444982105729,-1.27408744338709,-0.216650637871501,34.46926940579386,26.56788003021216,16.46942285426004,294966.609817792,87.51968428540613
Pakistan,2021,9.49621056124947,348516.64744514803,1455.31922370186,6.338,-1.45225942307802,10.2673420806694,6.51388575852702,-3.52439577565177,27.97126043758492,21.697271474374723,14.87610959527846,344116.64744514803,61.41444552810681
Pakistan,2022,19.8738599646655,374890.29566669394,1538.3228133171,5.485,0.17093780935479685,13.9370112392938,4.7781068690358,-3.25858181478804,26.886129432730343,24.796274923861763,19.641575903348098,369642.29566662596,57.75712280312251
Pakistan,2023,30.7681280657005,337912.301397727,1365.27743222493,5.408,-1.5020128274162041,25.9997683355601,-0.0396925228069165,-0.244214768763813,32.95406404873308,28.80551735525726,17.619975041137614,332147.301397546,61.78185375088721
Pakistan,2024,12.6325318530452,412292.22660165565,1494.6840444752027,5.472,3.0999954363243796,15.529604063861706,3.810008614089001,-2.6577013879600293,29.718732585362325,21.163940621788154,15.795449939354281,372325.52871390805,85.3532313679001
Pakistan,2025,25.767431772550395,424451.70812609745,1489.1239697099777,7.388804487466997,4.927635334571345,21.288527877434696,3.090990415202789,-1.3279636272937527,31.265130837061328,24.536669115211026,19.73614665468099,413069.9623712259,94.90654004611307
Peru,2020,2.00241205759292,201409.694755934,6133.32552410183,7.179,8.888580606911,3.71917119669504,-10.9333065010382,0.938341730002029,26.9065402747666,18.0501223065786,13.2210909618819,196052.808902926,34.7649150438361
Peru,2021,4.27166381536798,226354.27828088502,6826.9720069846,5.097,0.814299824349344,10.0831018285055,13.3552295093079,-2.06502617018971,22.8441909229558,20.6748661939378,15.9225447315513,208856.00355000902,35.2452537131848
Peru,2022,8.33370630096231,246488.757636211,7363.27206939639,3.85,7.47452596171798,4.76646193670118,2.72550021563363,-3.9528164279387,22.545281652071225,16.814656396278316,14.454139198676009,229767.512928334,33.026991096089844
Peru,2023,6.45561348369586,267603.248655253,7906.58502858,4.899,9.122457432588742,6.56634363134418,-0.55018230632048,0.829344941528944,25.2610729816489,16.230279321829734,13.51624004590239,253422.83535613,37.45137660685635
Peru,2024,2.00770739412712,263451.95462883735,7011.637736915291,4.828,5.393229740161394,5.304607727493719,-2.5419941413863882,0.569529600628311,24.972883683844856,20.01207972145504,11.876227787777308,242990.1461310246,31.13060846006653
Peru,2025,7.572229338893576,226917.33047836059,7982.870970733763,4.310117108749974,1.5365036085324522,4.698746338148493,5.267665135786152,-0.22932592701622828,24.64963564108625,18.26678252169726,13.751628485657829,248787.49760806037,33.73071257325511
Philippines,2020,2.3931623931624,361751.145451597,3227.57910235199,2.522,4.410656523328253,1.6504901854719,-9.5182947406494,3.20065009232564,19.5603029244639,15.9052544996477,13.9509857073772,389165.789740532,35.441407394209406
Philippines,2021,3.92718022100332,394087.35984811,3484.38593882819,3.398,4.161353982220412,2.2824784602486,5.71473313426225,-1.50797765976295,19.1392292224505,15.4805124388839,14.1300039313539,408104.073652169,33.86910301620673
Philippines,2022,5.82115811213955,404353.369604631,3548.06930572116,2.598,6.581534275460411,5.48864820202009,7.58098212785563,-4.51605763317135,18.6068893324404,16.0827426789485,14.6190058206626,428113.122133855,31.15094449778767
Philippines,2023,5.97802515541409,437146.372729942,3804.8725797521,2.222,5.250616106654593,4.59648506190769,5.54585117087767,-2.83353281449545,16.8770861651743,15.7187829817515,14.1015072518775,485154.56716865196,29.808467365859126
Philippines,2024,3.21260487006347,439881.923306045,3933.782887282761,2.153,6.433633530397059,2.2443143741090426,5.360182759228423,-2.7440236908584126,18.775980075863302,16.259687452973118,15.399937957084392,463487.15267931786,28.703883616269238
Philippines,2025,3.8335537330298077,460576.63980191323,3953.4707079392083,2.40947136655018,5.443097950958553,2.8926832793336645,3.125936444164782,-5.188174084195822,19.81275621498582,16.104070628964827,14.746817048823239,532817.3593478434,26.996406814111225
Poland,2020,3.37446972618589,605914.2379037419,15987.5753654045,3.155,3.996785325722466,4.23859434856777,-2.03556882399977,2.39835922164097,40.522296880667,34.7081923171819,17.291144093996,583489.675593182,55.11938912466288
Poland,2021,5.05502704719272,689170.23066535,18635.5104895754,3.268,-1.026593492518946,5.34023602800748,6.92718266052501,-1.30156521580162,36.9985474454804,35.7886364097481,18.9590677200004,658886.045351756,54.033238508361876
Poland,2022,14.4294507575758,695607.470875276,18891.2121169279,2.811,-2.648372498805414,10.689577427514,5.25545697386036,-2.27455866454271,36.0632407243175,33.8091813534998,17.1225309189416,668250.895914937,56.753396095585195
Poland,2023,11.5289127961105,809200.6977970881,22056.6661704127,2.743,-1.4245469935456627,9.54718862520608,0.138832754787188,1.79621693846398,39.2552938167515,36.0388169131676,18.0711486619571,778230.8302214079,62.442195358423874
Poland,2024,3.7842600751287,782426.9903530683,20251.488884930288,2.472,3.7400532933114485,11.639219040153312,-1.8825331541622599,2.380798051328507,40.69960209328051,35.25952892972704,18.15566487124342,747564.6088904983,50.66850002775428
Poland,2025,5.143902743663334,659541.7836495193,21907.561301793714,-0.12015384638532822,-0.5558770604761935,8.453048149065806,2.3362582561062535,2.861136879248498,38.34428348823041,36.12240621442473,19.293286080971573,673296.5251628303,53.33926891650468
Portugal,2020,-0.0124383299575305,229618.77342257698,22299.4044062173,6.801,3.014259026906089,2.10314342298463,-8.20463206255478,-0.629832722737585,44.5273320079934,37.7665912618546,22.2595830862446,225467.491361699,95.70986285266771
Portugal,2021,1.26565719069044,256055.879091139,24711.4510062111,6.577,20.653914460759957,2.01977632737365,5.55875752305435,-0.672210743652409,42.4539286342892,37.7052925940193,22.2832932193953,252978.982539953,80.86772336878656
Portugal,2022,7.83269124233323,256898.675068927,24620.519556875,6.011,19.682784865860583,5.32749894377305,6.98584193827881,-2.08477768135412,39.3111765510363,38.0831326873869,23.1729319243708,251691.706536851,75.5064732201207
Portugal,2023,4.31128191898672,289114.289663542,27331.2094945255,6.509,22.57687778136842,6.90236590321598,2.52628110806764,0.561731143094815,37.5720219836965,37.7731930829814,22.8699241808978,281752.85606390506,65.92077468628995
Portugal,2024,2.41613187791884,247322.30327095126,25912.838602346157,6.384,20.42172379596729,4.019583350299502,5.1228052253190155,-3.5259558524666996,38.40275129360721,39.43690810802892,22.91746617034906,247307.01119257044,46.85505437188738
Portugal,2025,4.3516539854279905,256173.88530301076,26247.095973246305,1.8165125087400305,20.636491747988153,6.0942402946471645,6.296879136685627,5.127786869402285,41.455613551080006,38.936240222668246,23.07460788183326,242690.4063551231,45.221138526648005
Qatar,2020,-2.5403150300476,144411.36334527,51683.5054353851,0.14,22.5995235529319,-15.100420309421,-3.55760399909477,-2.06750647355623,34.753613950202705,29.32847207463566,14.245883545458216,141366.857857143,86.53565063396927
Qatar,2021,2.30446565742003,179732.009554846,71751.8831234838,0.14,-15.200091892697,22.4660221244491,1.62684672468288,14.6435967830201,32.936002365202626,30.365081139734098,14.927952725402587,176969.097472527,81.30829233390014
Qatar,2022,4.99527553740761,235709.325708341,88701.463350036,0.13,-16.9330145753116,25.8769173658359,4.18500971344966,26.7778361985376,37.262546032795846,34.149831157219026,23.28611847283562,227481.667472527,77.39095850015019
Qatar,2023,3.02764899198902,213002.809330267,80195.874646942,0.13,19.1951159448205,-10.6934814488438,1.18715991184813,17.1136863386523,32.269960386675805,33.577158288613546,18.911145020068723,206928.908231366,77.86292114890358
Qatar,2024,1.26734310292375,204438.03689761847,72091.92908470477,0.126,31.605247203404804,15.231982444144979,-2.3134994092268144,-4.294833165678705,36.31114818458325,33.88426995287036,22.60321971009365,206978.9256977474,81.56106962428247
Qatar,2025,2.980275946781566,259654.73975391834,83115.21811270286,-0.04506994781276048,2.1473387647771096,-9.635424376690079,-4.976524499093157,26.478191060779388,32.88860734952848,33.75761432140748,18.664333925087742,185904.27742893872,45.221138526648005
Romania,2020,2.63107311184743,252033.792712145,13082.3006559554,5.035,2.28207952392105,4.11051645013276,-3.67438440910189,-5.11170596373103,38.0029756100571,30.0013350418379,14.1465071921172,248241.836530323,57.1432591512537
Romania,2021,5.05232876096582,286578.196368297,14986.7854904274,5.59,0.0030716317842362,5.61025509902417,5.5457096259051,-7.17641506065995,37.0004968611526,30.2120181352643,14.9237413745441,280850.52599294705,55.763127232688
Romania,2022,13.7954887432521,296354.358293475,15557.8826247584,5.614,-3.86724262232895,12.0919624576312,3.96530766311717,-9.22066575659504,37.1727949908237,31.6111842815503,16.1575659433589,287401.14258900797,50.8849084169995
Romania,2023,10.3971874764996,350775.85641518905,18404.2730871704,5.589,-3.05841844463584,12.7699377919606,2.40427177912809,-6.97326015106598,37.78863070777176,30.97726771806376,14.42279531461951,341406.88717399404,55.10580762194679
Romania,2024,-4.5191101423114,308217.56513907,16064.700350315117,5.379,-4.625917720349146,11.32896773150002,0.5228153865672196,-8.638218352830469,35.72900083583052,29.51273756837272,15.345335045474885,336683.2183100696,48.54661039388691
Romania,2025,8.57990629989683,371495.66921738675,19643.829990559778,5.103738781838615,-7.121700768421674,13.101445263338569,4.894666757368172,-8.12358462384914,39.72659179307625,30.197438135632066,14.786182476477034,331993.4664339336,59.85869626011837
Russian Federation,2020,3.38165937237898,1493075.89436214,10108.3271484375,5.62,5.8252621205664,0.898246027195242,-2.65365450102773,2.36911533657246,35.2998185923772,27.6767173115632,10.7991196203537,1458071.18436237,22.992021036968
Russian Federation,2021,6.69445891957612,1843392.2937343798,12521.5224609375,4.749,-10.2423105030022,19.4115890615904,5.61429037578345,6.77842857565971,30.5455761442173,26.3708632811249,11.606494475109,1800376.27453251,20.8666992191571
Russian Federation,2022,5.813146382439145,2266029.2406453397,15445.2421875,3.867,-4.50335865315288,16.7152740606271,-2.06971152527731,10.4912490569379,31.7525190243487,27.3083642947007,10.9703387752924,2219007.32064576,19.5062376778091
Russian Federation,2023,3.1343720865121734,2021421.4760354199,13817.0458984375,3.076,4.24838463209547,7.07360156603734,3.60000000000001,2.48008562206929,30.3377520345609,29.4453325952277,12.3719261393058,1994504.88603541,18.9616724306898
Russian Federation,2024,1.976382152540359,1706769.4346991712,11677.56424835915,2.527,-4.35204887135492,1.3775510665085644,1.6206039670039631,3.5564906400416145,27.73244837323301,28.207646130201926,11.838468271310196,1963978.965007207,22.583546719394892
Russian Federation,2025,4.529819749071545,1748878.660680903,9263.893629641232,2.7042378781941863,-0.8991362616733003,10.565464873066624,-0.16338622142742876,7.330609669277055,36.79434028832332,28.700858233878282,10.87010195512122,1739894.031843907,23.75215204756502
Saudi Arabia,2020,3.44545825956692,734271.2,23271.4037647084,7.66,3.632332091062549,-9.18456817699072,-3.58153486307663,-3.47926474073661,33.4352754724405,28.3940139101988,8.23747102959451,745486.551306667,55.119389124662874
Saudi Arabia,2021,3.06328988941547,874156.0,28396.0864182336,6.621,0.6259452364492326,13.3007001530628,5.07511034987979,4.63688719545091,28.1174592471214,29.4527337475459,9.67348884669067,887051.48096,54.033238508361876
Saudi Arabia,2022,2.4740737192537,1108571.4666666698,34454.1957708412,5.589,-2.4455873075125307,17.9839455619021,7.48598429134137,13.5628144844014,24.5564116852309,30.5056555296342,7.77202251312307,1118179.99349333,45.29793790412414
Saudi Arabia,2023,2.32708518362692,1067582.9333333299,32093.9622984711,4.008,-2.4202934371535894,-2.96488667496891,-0.754914810584665,3.29091687721662,27.6447464547199,30.2812284416499,8.90827834777226,1073418.44536,56.81651031128064
Saudi Arabia,2024,1.68792112375817,976176.2999449429,33341.51807081639,3.896,3.3413334788512614,-8.504133855946982,1.6349278622208692,-11.014799531321776,27.924467967098845,22.536072769009856,7.684378493919196,896772.5650809549,48.35814669085562
Saudi Arabia,2025,-3.0983325358446066,999297.5355720927,34877.07295567514,5.6024507678831315,2.3790420967307857,11.75877856300565,-2.920788496007586,2.42141277873585,29.078497344421212,30.013703075519878,9.078942772600056,1126563.4759516406,55.7811824504591
Singapore,2020,-0.181916666666634,349488.38261066197,61466.803676358,4.1,7.88077029037357,-2.43859056928547,-3.86979893430043,17.4848519172132,25.72187235996,18.0524117336083,12.7315446821269,301827.008237772,151.566324742808
Singapore,2021,2.30485959040484,434111.559282849,79601.4129622433,4.64,-4.54706641979064,10.2637667092318,9.69076687082064,19.9108522556576,16.3755096469446,17.2288553319936,12.8128979341856,369181.671818698,150.141912840552
Singapore,2022,6.12106004039418,498474.54098778,88428.7024226232,3.591,2.9160519308065846,13.4781380113655,3.83807678519807,18.8115123045876,15.1357776721242,16.220527796295,12.0331929577548,402947.12211143103,157.363109274773
Singapore,2023,4.82146729476466,501427.50008005905,84734.2559206054,3.444,6.4664823393983095,-3.06902994364776,1.07503175095101,17.8297603314757,17.4419313013187,18.3600303311543,14.0060490127897,420675.068720039,177.001669924649
Singapore,2024,2.36645846996694,481636.620892883,79964.33423024422,3.182,2.787387048652994,3.7772777876809895,-1.600479782318864,17.84859949324896,16.267843632521178,20.82426885373398,12.305167279364396,406595.90054796013,171.17948983945118
Singapore,2025,3.27176316322286,496868.76916266826,78488.70651499268,3.9164886791684363,-3.5102136471022485,5.022987117456475,-0.2464591229017028,15.463410474443938,19.16502223918169,18.424000240189482,12.968939471170529,395652.7451330025,177.47847877936468
Sweden,2020,0.497367318853572,545147.614972141,52653.7565934247,8.291,4.021079380095597,1.79366288715698,-2.00533750353763,5.7975833223945,34.8791012428256,32.2525810708591,26.8222445905957,564371.2913388781,44.1780067548593
Sweden,2021,2.16319736447153,637186.904843636,61174.9680215622,8.722,-1.026593492518946,2.7406333444759,5.9375085730744,6.70313387861944,32.9123112765962,32.497937739118,27.3986454587442,663252.463172592,40.6550853120913
Sweden,2022,8.36929098869189,579895.717343956,55296.9371472535,7.392,-2.283060457757732,5.78193714856063,1.45928850757269,4.72576156484506,32.2346800481688,33.2892542143838,27.6047528383889,604826.974545303,36.9103515627997
Sweden,2023,8.54862489748902,584960.4757673199,55516.836477474,7.611,-0.49568787315443325,6.14906969650426,-0.310670184725893,6.97807095420788,32.99311743539497,32.56281722310963,27.48813531247328,606603.219320577,38.922706522603015
Sweden,2024,2.83581658224034,620614.8407110347,55002.83687202782,8.528,3.740053293311449,4.297151433935672,1.3410654833828126,6.077253349074944,31.832844648611722,33.67212729699685,27.765815913281518,645736.5731302571,37.63964515471432
Sweden,2025,4.777337119834067,581303.5083824834,51308.258643315676,7.409531561444158,0.13456527361511023,4.362830802081017,4.614899147835466,6.461801993946995,31.346088604075135,32.91503325076825,29.26348147061515,607965.203178176,42.28944839569799
Thailand,2020,-0.845937147357041,500461.89848024596,6985.64393892574,1.099,4.65169004750105,-1.29877505741581,-6.05003846851622,4.18282861454669,22.8313574596558,20.0658736840342,15.1931521641962,489367.035950047,50.3227814999415
Thailand,2021,1.23039541318384,506256.49429734005,7058.0694998852,1.215,1.26649715668653,1.77107226345396,1.56818176501186,-2.11799444006618,25.1299250580277,19.2036267455152,15.0614176014876,488672.219203916,58.5043086154828
Thailand,2022,6.07741228434321,495645.21097275097,6909.35997481451,0.94,-1.55455679699823,4.76699578735654,2.46276934050356,-3.46252016627717,22.2320213670538,18.9768224634158,15.1390339194536,481390.36090971803,60.3498576793725
Thailand,2023,1.22802623546169,514968.699239005,7182.02525812415,0.733,3.02863861230229,1.22023811822058,1.88725725050934,1.43923468240437,20.8042772114191,19.9572776916637,15.4511540704751,503339.156913529,61.2356482560744
Thailand,2024,1.5580375470077237,562907.1023791726,7246.043805034903,0.693,6.214721321224623,0.20206167371275308,-0.9913885251346864,-4.210345228079051,23.206236854299533,19.979499767491422,14.838070913019362,583710.5015607966,57.10251886725831
Thailand,2025,1.274082253606249,592667.8139966439,7340.319680406419,1.2190111488990372,1.6524112584494892,0.9951733966091392,-3.528638758308572,-5.873589015550907,22.683984739599648,20.165736916453596,14.140494718258271,539410.14462467,68.94508225572424
Turkiye,2020,12.2789574462574,720338.490327248,8638.73903848102,13.148,2.5172780517530056,14.7893415893496,1.85987303976462,-4.30020058846608,34.0682450532239,29.6352632305255,17.6637230256171,711744.4898235811,41.801640624815
Turkiye,2021,19.5964926913324,819865.223976115,9743.21277804855,11.969,-2.2970671459658676,28.9730004765532,11.4393956926566,-0.758783250962872,30.9404133076921,29.8724797116006,17.8636373659083,809183.2245247901,42.575722383146
Turkiye,2022,72.3088359891207,907118.434653505,10674.504157865,10.465,-3.2188828289217346,96.0361986700836,5.53342787492781,-5.10220035575386,29.6704625002631,25.7586435753188,16.0920714893319,898339.4344323421,35.2457946156302
Turkiye,2023,53.8594087593315,1118252.96426077,13105.6585678319,9.388,-2.505704950959153,68.233934158098,5.11116818488702,-3.56600887942747,33.7067629104,29.3503045222418,18.5354068684926,1107012.96420348,33.1072230203582
Turkiye,2024,58.5064507300343,783258.1716719256,9298.445455628276,8.449,3.1490736909309813,33.8562240145163,1.431156743707953,-1.0074924091981856,34.63827577187645,27.939443507065807,17.56426202510449,948113.876590557,27.573091971072454
Turkiye,2025,44.29276785647912,820563.5973411942,8906.901115239238,9.333963096017772,-1.0195904799386333,31.31059059884592,-0.7404108902898718,-1.6542520007037873,31.283409029220117,27.937672722677945,16.97075152081656,824625.8518595981,28.852766644798418
United States,2020,1.23358439630629,21354105.0,64411.3731779373,8.055,2.18628189883077,1.32883273821459,-2.16302913866514,-2.81541652061746,31.8281473281133,17.708696290479,10.1534220235407,21458070.0,124.514696354635
United States,2021,4.69785886363742,23681171.0,71318.3073592183,5.349,-1.25852158930471,4.56598550261971,6.05505293304576,-3.66529172058257,31.3034760823272,18.808352424802,11.394678497951,23832230.0,118.400948162572
United States,2022,8.00279982052121,26006893.0,78035.1753604212,3.65,2.442979343464907,7.12948085421044,2.51237531983308,-3.8916721040072,24.658458048026,19.9277753017248,12.5989036829582,26231750.0,112.817613391957
United States,2023,4.11633838374488,27720709.0,82769.4122114216,3.638,1.758303546188992,3.59839135378053,2.88755600906016,-3.26607086420481,24.5133766239529,17.5921957840256,10.6459127722888,27576136.0,114.755553330184
United States,2024,2.94952520485207,26278151.653020132,84004.21502382755,4.106,0.833503115277868,3.413377911456347,-0.4477886777778828,-3.079480229361542,28.59546670883163,19.638007612504467,11.429862874386528,27675506.444702074,120.80135465845012
United States,2025,4.164226499592137,27105216.887773555,78188.3974062292,4.956029502940405,1.8612534697797911,2.1694857610362677,0.7025958777857055,-2.7521057654696772,27.77256687679082,19.62279007446964,9.999261432338153,26783186.097324647,127.34811426232407
Viet Nam,2020,3.22093436652514,346615.738537796,3534.03953482647,2.103,6.09064299683403,1.46747814810814,2.86541320912272,4.34486906553373,23.124411549633344,16.53763536425422,11.843642463400997,331798.33538968203,83.17931393399728
Viet Nam,2021,1.83471554810444,366474.752771009,3704.1935590038,2.385,4.79218047283212,2.88076792900642,2.55372852648131,-1.26284279203588,27.4773628422164,21.6679211889411,17.07028678542672,347725.57676919096,80.2902026496796
Viet Nam,2022,3.15650749963129,410324.028883325,4116.38576094153,1.523,3.80782672842234,4.05124231712631,8.12351446767343,0.341681183969525,26.886129432730343,24.796274923861755,19.641575903348098,390409.525932523,62.82442126779024
Viet Nam,2023,3.25289282667662,429716.969043572,4282.08851724506,1.645,7.27803256328136,1.90623130183931,5.0464307361882,6.01163134364857,26.04590749448186,21.47000096828053,17.032997207403188,407253.969043888,60.253271902687764
Viet Nam,2024,3.62109273885843,427856.10620269756,4314.399933073104,1.431,9.517177884579667,-9.30534032536305,5.341690359820913,9.279092674515871,27.84691346722756,22.666781921197916,19.257699560776196,428823.5960476394,86.16355513982367
Viet Nam,2025,-2.109394758607086,458934.6635356838,4490.6600745363,1.4392539659301042,12.28468519868433,-16.116260951495157,6.022957777743592,1.6011905110255693,30.091443486650405,25.282989297352877,18.96480269866556,442239.8404249082,90.94313387454362
South Africa,2020,3.23238831615113,337974.655408055,5580.60383075189,29.217,2.19841383909371,5.3913943350576,-6.1689177146757,2.00352275153333,37.8354162011745,27.8138753889078,23.2649440409195,332348.812405049,75.7255090793216
South Africa,2021,4.61874544887136,420886.877628703,6843.39941886204,34.007,0.472106500505819,6.53869058287115,4.95503259440756,3.73044877034516,34.53100888431,30.0652667080962,25.8946273252854,412864.533620666,73.8065091009354
South Africa,2022,7.03987272546482,406920.004594074,6523.41097815853,33.268,3.61854067499116,4.99247138395964,1.91147996033504,-0.461509368787066,33.4798352578178,30.273151278645,26.0054597822428,398453.691164869,76.2372383337531
South Africa,2023,6.0752438457966,380699.271814508,6022.5425418935,32.098,6.3887935898176,4.80427142532388,0.698485194788034,-1.6136668878188,34.41250994748586,30.67465139468695,24.885977131560143,375533.19078056596,80.15208612621562
South Africa,2024,4.36115246518962,416851.3717771385,6663.025083511578,33.168,3.982058477151636,4.411204475832461,-1.4454569740284844,4.262064043374158,35.58304789338935,30.212085278348674,26.124198043497323,439636.9796463422,82.00712593332058
South Africa,2025,4.781141296314233,382988.3207730509,5887.976276780786,35.615116346313314,6.491265604827993,5.614564236279439,-1.7004918334101071,2.1013405920111476,38.095218164133186,31.53888623365384,26.007114001800385,341396.1051081028,92.83175136813152
